STARTFONT 2.1
COMMENT
COMMENT Converted from OpenType font "NotoSansSymbols2-Regular.ttf" by "otf2bdf 3.0".
COMMENT
FONT -FreeType-Noto Sans Symbols 2-Medium-R-Normal--7-70-72-72-P-46-ISO10646-1
SIZE 7 72 72
FONTBOUNDINGBOX 15 10 -3 -2
STARTPROPERTIES 19
FOUNDRY "FreeType"
FAMILY_NAME "Noto Sans Symbols 2"
WEIGHT_NAME "Medium"
SLANT "R"
SETWIDTH_NAME "Normal"
ADD_STYLE_NAME ""
PIXEL_SIZE 7
POINT_SIZE 70
RESOLUTION_X 72
RESOLUTION_Y 72
SPACING "P"
AVERAGE_WIDTH 46
CHARSET_REGISTRY "ISO10646"
CHARSET_ENCODING "1"
FONT_ASCENT 7
FONT_DESCENT 4
COPYRIGHT "Copyright 2022 The Noto Project Authors (https://github.com/notofonts/symbols)"
_OTF_FONTFILE "NotoSansSymbols2-Regular.ttf"
_OTF_PSNAME "NotoSansSymbols2-Regular"
ENDPROPERTIES
CHARS 1347
STARTCHAR 0000
ENCODING 0
SWIDTH 0 0
DWIDTH 0 0
BBX 0 0 0 0
BITMAP
ENDCHAR
STARTCHAR 000D
ENCODING 13
SWIDTH 285 0
DWIDTH 2 0
BBX 0 0 0 0
BITMAP
ENDCHAR
STARTCHAR 0020
ENCODING 32
SWIDTH 285 0
DWIDTH 2 0
BBX 0 0 0 0
BITMAP
ENDCHAR
STARTCHAR 0021
ENCODING 33
SWIDTH 285 0
DWIDTH 2 0
BBX 1 5 0 0
BITMAP
80
80
80
80
80
ENDCHAR
STARTCHAR 0022
ENCODING 34
SWIDTH 428 0
DWIDTH 3 0
BBX 2 2 0 3
BITMAP
C0
C0
ENDCHAR
STARTCHAR 0023
ENCODING 35
SWIDTH 1142 0
DWIDTH 8 0
BBX 3 4 2 1
BITMAP
60
E0
E0
40
ENDCHAR
STARTCHAR 0024
ENCODING 36
SWIDTH 571 0
DWIDTH 4 0
BBX 4 6 0 -1
BITMAP
60
C0
60
50
E0
40
ENDCHAR
STARTCHAR 0025
ENCODING 37
SWIDTH 857 0
DWIDTH 6 0
BBX 5 5 0 0
BITMAP
C8
B0
78
38
58
ENDCHAR
STARTCHAR 0026
ENCODING 38
SWIDTH 714 0
DWIDTH 5 0
BBX 5 5 0 0
BITMAP
60
60
68
90
78
ENDCHAR
STARTCHAR 0027
ENCODING 39
SWIDTH 285 0
DWIDTH 2 0
BBX 1 2 0 3
BITMAP
80
80
ENDCHAR
STARTCHAR 0028
ENCODING 40
SWIDTH 285 0
DWIDTH 2 0
BBX 2 6 0 -1
BITMAP
40
80
80
80
80
40
ENDCHAR
STARTCHAR 0029
ENCODING 41
SWIDTH 285 0
DWIDTH 2 0
BBX 2 6 0 -1
BITMAP
80
40
40
40
40
C0
ENDCHAR
STARTCHAR 002A
ENCODING 42
SWIDTH 1142 0
DWIDTH 8 0
BBX 2 2 3 3
BITMAP
80
C0
ENDCHAR
STARTCHAR 002B
ENCODING 43
SWIDTH 571 0
DWIDTH 4 0
BBX 4 4 0 1
BITMAP
40
40
F0
40
ENDCHAR
STARTCHAR 002C
ENCODING 44
SWIDTH 285 0
DWIDTH 2 0
BBX 1 2 0 -1
BITMAP
80
80
ENDCHAR
STARTCHAR 002D
ENCODING 45
SWIDTH 285 0
DWIDTH 2 0
BBX 2 1 0 1
BITMAP
C0
ENDCHAR
STARTCHAR 002E
ENCODING 46
SWIDTH 285 0
DWIDTH 2 0
BBX 1 1 0 0
BITMAP
80
ENDCHAR
STARTCHAR 002F
ENCODING 47
SWIDTH 428 0
DWIDTH 3 0
BBX 3 5 0 0
BITMAP
20
40
40
80
80
ENDCHAR
STARTCHAR 0030
ENCODING 48
SWIDTH 1142 0
DWIDTH 8 0
BBX 2 4 3 0
BITMAP
C0
C0
C0
C0
ENDCHAR
STARTCHAR 0031
ENCODING 49
SWIDTH 1142 0
DWIDTH 8 0
BBX 1 4 3 1
BITMAP
80
80
80
80
ENDCHAR
STARTCHAR 0032
ENCODING 50
SWIDTH 1142 0
DWIDTH 8 0
BBX 2 4 3 0
BITMAP
C0
40
80
C0
ENDCHAR
STARTCHAR 0033
ENCODING 51
SWIDTH 1142 0
DWIDTH 8 0
BBX 2 4 3 0
BITMAP
C0
80
40
C0
ENDCHAR
STARTCHAR 0034
ENCODING 52
SWIDTH 1142 0
DWIDTH 8 0
BBX 3 4 2 1
BITMAP
20
60
E0
20
ENDCHAR
STARTCHAR 0035
ENCODING 53
SWIDTH 1142 0
DWIDTH 8 0
BBX 2 4 3 0
BITMAP
C0
C0
40
C0
ENDCHAR
STARTCHAR 0036
ENCODING 54
SWIDTH 1142 0
DWIDTH 8 0
BBX 3 4 2 0
BITMAP
60
60
A0
60
ENDCHAR
STARTCHAR 0037
ENCODING 55
SWIDTH 1142 0
DWIDTH 8 0
BBX 2 4 3 1
BITMAP
C0
40
40
80
ENDCHAR
STARTCHAR 0038
ENCODING 56
SWIDTH 1142 0
DWIDTH 8 0
BBX 2 4 3 0
BITMAP
C0
C0
C0
C0
ENDCHAR
STARTCHAR 0039
ENCODING 57
SWIDTH 1142 0
DWIDTH 8 0
BBX 2 4 3 0
BITMAP
C0
C0
C0
C0
ENDCHAR
STARTCHAR 003A
ENCODING 58
SWIDTH 285 0
DWIDTH 2 0
BBX 1 4 0 0
BITMAP
80
00
00
80
ENDCHAR
STARTCHAR 003B
ENCODING 59
SWIDTH 285 0
DWIDTH 2 0
BBX 1 5 0 -1
BITMAP
80
00
00
80
80
ENDCHAR
STARTCHAR 003C
ENCODING 60
SWIDTH 571 0
DWIDTH 4 0
BBX 4 3 0 1
BITMAP
30
C0
30
ENDCHAR
STARTCHAR 003D
ENCODING 61
SWIDTH 571 0
DWIDTH 4 0
BBX 4 2 0 1
BITMAP
F0
F0
ENDCHAR
STARTCHAR 003E
ENCODING 62
SWIDTH 571 0
DWIDTH 4 0
BBX 4 3 0 1
BITMAP
C0
30
E0
ENDCHAR
STARTCHAR 003F
ENCODING 63
SWIDTH 428 0
DWIDTH 3 0
BBX 3 5 0 0
BITMAP
E0
20
40
40
40
ENDCHAR
STARTCHAR 0040
ENCODING 64
SWIDTH 857 0
DWIDTH 6 0
BBX 6 6 0 -1
BITMAP
38
74
AC
B8
80
78
ENDCHAR
STARTCHAR 0041
ENCODING 65
SWIDTH 571 0
DWIDTH 4 0
BBX 4 5 0 0
BITMAP
20
60
50
70
90
ENDCHAR
STARTCHAR 0042
ENCODING 66
SWIDTH 714 0
DWIDTH 5 0
BBX 3 5 1 0
BITMAP
E0
A0
C0
A0
E0
ENDCHAR
STARTCHAR 0043
ENCODING 67
SWIDTH 571 0
DWIDTH 4 0
BBX 4 5 0 0
BITMAP
70
80
80
80
70
ENDCHAR
STARTCHAR 0044
ENCODING 68
SWIDTH 714 0
DWIDTH 5 0
BBX 4 5 1 0
BITMAP
E0
90
90
90
E0
ENDCHAR
STARTCHAR 0045
ENCODING 69
SWIDTH 571 0
DWIDTH 4 0
BBX 2 5 1 0
BITMAP
C0
80
C0
80
C0
ENDCHAR
STARTCHAR 0046
ENCODING 70
SWIDTH 571 0
DWIDTH 4 0
BBX 2 5 1 0
BITMAP
C0
80
C0
80
80
ENDCHAR
STARTCHAR 0047
ENCODING 71
SWIDTH 714 0
DWIDTH 5 0
BBX 5 5 0 0
BITMAP
78
80
98
88
78
ENDCHAR
STARTCHAR 0048
ENCODING 72
SWIDTH 714 0
DWIDTH 5 0
BBX 4 5 1 0
BITMAP
90
90
F0
90
90
ENDCHAR
STARTCHAR 0049
ENCODING 73
SWIDTH 285 0
DWIDTH 2 0
BBX 2 5 0 0
BITMAP
C0
40
40
40
C0
ENDCHAR
STARTCHAR 004A
ENCODING 74
SWIDTH 285 0
DWIDTH 2 0
BBX 2 7 -1 -2
BITMAP
40
40
40
40
40
40
C0
ENDCHAR
STARTCHAR 004B
ENCODING 75
SWIDTH 571 0
DWIDTH 4 0
BBX 3 5 1 0
BITMAP
A0
C0
C0
C0
A0
ENDCHAR
STARTCHAR 004C
ENCODING 76
SWIDTH 571 0
DWIDTH 4 0
BBX 3 5 1 0
BITMAP
80
80
80
80
E0
ENDCHAR
STARTCHAR 004D
ENCODING 77
SWIDTH 857 0
DWIDTH 6 0
BBX 5 5 1 0
BITMAP
88
98
D8
E8
A8
ENDCHAR
STARTCHAR 004E
ENCODING 78
SWIDTH 714 0
DWIDTH 5 0
BBX 4 5 1 0
BITMAP
90
90
D0
B0
90
ENDCHAR
STARTCHAR 004F
ENCODING 79
SWIDTH 714 0
DWIDTH 5 0
BBX 5 5 0 0
BITMAP
70
88
88
88
70
ENDCHAR
STARTCHAR 0050
ENCODING 80
SWIDTH 571 0
DWIDTH 4 0
BBX 3 5 1 0
BITMAP
E0
A0
C0
80
80
ENDCHAR
STARTCHAR 0051
ENCODING 81
SWIDTH 714 0
DWIDTH 5 0
BBX 5 6 0 -1
BITMAP
70
88
88
88
70
18
ENDCHAR
STARTCHAR 0052
ENCODING 82
SWIDTH 571 0
DWIDTH 4 0
BBX 3 5 1 0
BITMAP
E0
A0
C0
A0
A0
ENDCHAR
STARTCHAR 0053
ENCODING 83
SWIDTH 571 0
DWIDTH 4 0
BBX 4 5 0 0
BITMAP
60
80
60
10
E0
ENDCHAR
STARTCHAR 0054
ENCODING 84
SWIDTH 571 0
DWIDTH 4 0
BBX 4 5 0 0
BITMAP
F0
40
40
40
40
ENDCHAR
STARTCHAR 0055
ENCODING 85
SWIDTH 714 0
DWIDTH 5 0
BBX 3 5 1 0
BITMAP
A0
A0
A0
A0
E0
ENDCHAR
STARTCHAR 0056
ENCODING 86
SWIDTH 571 0
DWIDTH 4 0
BBX 4 5 0 0
BITMAP
90
90
60
60
20
ENDCHAR
STARTCHAR 0057
ENCODING 87
SWIDTH 1000 0
DWIDTH 7 0
BBX 6 5 0 0
BITMAP
94
B4
6C
48
48
ENDCHAR
STARTCHAR 0058
ENCODING 88
SWIDTH 571 0
DWIDTH 4 0
BBX 4 5 0 0
BITMAP
90
60
20
60
90
ENDCHAR
STARTCHAR 0059
ENCODING 89
SWIDTH 571 0
DWIDTH 4 0
BBX 4 5 0 0
BITMAP
90
60
60
40
40
ENDCHAR
STARTCHAR 005A
ENCODING 90
SWIDTH 571 0
DWIDTH 4 0
BBX 4 5 0 0
BITMAP
F0
20
40
40
F0
ENDCHAR
STARTCHAR 005B
ENCODING 91
SWIDTH 285 0
DWIDTH 2 0
BBX 1 7 1 -2
BITMAP
80
80
80
80
80
80
80
ENDCHAR
STARTCHAR 005C
ENCODING 92
SWIDTH 428 0
DWIDTH 3 0
BBX 3 5 0 0
BITMAP
80
80
40
40
20
ENDCHAR
STARTCHAR 005D
ENCODING 93
SWIDTH 285 0
DWIDTH 2 0
BBX 2 7 0 -2
BITMAP
C0
40
40
40
40
40
C0
ENDCHAR
STARTCHAR 005E
ENCODING 94
SWIDTH 571 0
DWIDTH 4 0
BBX 4 4 0 2
BITMAP
40
60
60
90
ENDCHAR
STARTCHAR 005F
ENCODING 95
SWIDTH 428 0
DWIDTH 3 0
BBX 3 1 0 -1
BITMAP
E0
ENDCHAR
STARTCHAR 0060
ENCODING 96
SWIDTH 285 0
DWIDTH 2 0
BBX 2 1 0 4
BITMAP
C0
ENDCHAR
STARTCHAR 0061
ENCODING 97
SWIDTH 571 0
DWIDTH 4 0
BBX 3 4 0 0
BITMAP
60
60
A0
E0
ENDCHAR
STARTCHAR 0062
ENCODING 98
SWIDTH 571 0
DWIDTH 4 0
BBX 3 5 1 0
BITMAP
80
E0
A0
A0
C0
ENDCHAR
STARTCHAR 0063
ENCODING 99
SWIDTH 428 0
DWIDTH 3 0
BBX 3 4 0 0
BITMAP
60
80
80
60
ENDCHAR
STARTCHAR 0064
ENCODING 100
SWIDTH 571 0
DWIDTH 4 0
BBX 4 5 0 0
BITMAP
10
70
90
90
70
ENDCHAR
STARTCHAR 0065
ENCODING 101
SWIDTH 571 0
DWIDTH 4 0
BBX 4 4 0 0
BITMAP
60
F0
80
60
ENDCHAR
STARTCHAR 0066
ENCODING 102
SWIDTH 285 0
DWIDTH 2 0
BBX 3 5 0 0
BITMAP
60
C0
40
40
40
ENDCHAR
STARTCHAR 0067
ENCODING 103
SWIDTH 571 0
DWIDTH 4 0
BBX 4 6 0 -2
BITMAP
70
90
90
70
10
60
ENDCHAR
STARTCHAR 0068
ENCODING 104
SWIDTH 571 0
DWIDTH 4 0
BBX 3 5 1 0
BITMAP
80
E0
A0
A0
A0
ENDCHAR
STARTCHAR 0069
ENCODING 105
SWIDTH 285 0
DWIDTH 2 0
BBX 1 5 0 0
BITMAP
80
80
80
80
80
ENDCHAR
STARTCHAR 006A
ENCODING 106
SWIDTH 285 0
DWIDTH 2 0
BBX 1 7 0 -2
BITMAP
80
80
80
80
80
80
80
ENDCHAR
STARTCHAR 006B
ENCODING 107
SWIDTH 571 0
DWIDTH 4 0
BBX 3 5 1 0
BITMAP
80
E0
80
C0
E0
ENDCHAR
STARTCHAR 006C
ENCODING 108
SWIDTH 285 0
DWIDTH 2 0
BBX 1 5 0 0
BITMAP
80
80
80
80
80
ENDCHAR
STARTCHAR 006D
ENCODING 109
SWIDTH 1000 0
DWIDTH 7 0
BBX 5 4 1 0
BITMAP
D8
A8
A8
A8
ENDCHAR
STARTCHAR 006E
ENCODING 110
SWIDTH 571 0
DWIDTH 4 0
BBX 3 4 1 0
BITMAP
E0
A0
A0
A0
ENDCHAR
STARTCHAR 006F
ENCODING 111
SWIDTH 571 0
DWIDTH 4 0
BBX 4 4 0 0
BITMAP
60
90
90
60
ENDCHAR
STARTCHAR 0070
ENCODING 112
SWIDTH 571 0
DWIDTH 4 0
BBX 3 6 1 -2
BITMAP
E0
A0
A0
C0
80
80
ENDCHAR
STARTCHAR 0071
ENCODING 113
SWIDTH 571 0
DWIDTH 4 0
BBX 4 6 0 -2
BITMAP
70
90
90
70
10
10
ENDCHAR
STARTCHAR 0072
ENCODING 114
SWIDTH 428 0
DWIDTH 3 0
BBX 2 4 1 0
BITMAP
C0
80
80
80
ENDCHAR
STARTCHAR 0073
ENCODING 115
SWIDTH 428 0
DWIDTH 3 0
BBX 3 4 0 0
BITMAP
60
C0
20
E0
ENDCHAR
STARTCHAR 0074
ENCODING 116
SWIDTH 428 0
DWIDTH 3 0
BBX 2 5 0 0
BITMAP
40
C0
80
80
40
ENDCHAR
STARTCHAR 0075
ENCODING 117
SWIDTH 571 0
DWIDTH 4 0
BBX 3 4 1 0
BITMAP
A0
A0
A0
E0
ENDCHAR
STARTCHAR 0076
ENCODING 118
SWIDTH 571 0
DWIDTH 4 0
BBX 4 4 0 0
BITMAP
90
A0
60
40
ENDCHAR
STARTCHAR 0077
ENCODING 119
SWIDTH 857 0
DWIDTH 6 0
BBX 5 4 0 0
BITMAP
A8
B8
58
48
ENDCHAR
STARTCHAR 0078
ENCODING 120
SWIDTH 571 0
DWIDTH 4 0
BBX 4 4 0 0
BITMAP
B0
60
60
B0
ENDCHAR
STARTCHAR 0079
ENCODING 121
SWIDTH 571 0
DWIDTH 4 0
BBX 4 6 0 -2
BITMAP
90
A0
60
40
40
C0
ENDCHAR
STARTCHAR 007A
ENCODING 122
SWIDTH 428 0
DWIDTH 3 0
BBX 3 4 0 0
BITMAP
E0
40
40
E0
ENDCHAR
STARTCHAR 007B
ENCODING 123
SWIDTH 428 0
DWIDTH 3 0
BBX 2 7 0 -2
BITMAP
40
40
40
80
40
40
40
ENDCHAR
STARTCHAR 007C
ENCODING 124
SWIDTH 571 0
DWIDTH 4 0
BBX 1 7 1 -2
BITMAP
80
80
80
80
80
80
80
ENDCHAR
STARTCHAR 007D
ENCODING 125
SWIDTH 428 0
DWIDTH 3 0
BBX 2 7 0 -2
BITMAP
80
40
40
40
40
40
80
ENDCHAR
STARTCHAR 007E
ENCODING 126
SWIDTH 571 0
DWIDTH 4 0
BBX 4 1 0 2
BITMAP
F0
ENDCHAR
STARTCHAR 007F
ENCODING 127
SWIDTH 0 0
DWIDTH 0 0
BBX 0 0 0 0
BITMAP
ENDCHAR
STARTCHAR 00A0
ENCODING 160
SWIDTH 285 0
DWIDTH 2 0
BBX 0 0 0 0
BITMAP
ENDCHAR
STARTCHAR 00A1
ENCODING 161
SWIDTH 285 0
DWIDTH 2 0
BBX 1 5 0 -1
BITMAP
80
80
80
80
80
ENDCHAR
STARTCHAR 00A2
ENCODING 162
SWIDTH 571 0
DWIDTH 4 0
BBX 2 5 1 0
BITMAP
C0
80
80
80
C0
ENDCHAR
STARTCHAR 00A3
ENCODING 163
SWIDTH 571 0
DWIDTH 4 0
BBX 4 5 0 0
BITMAP
70
40
E0
40
F0
ENDCHAR
STARTCHAR 00A5
ENCODING 165
SWIDTH 571 0
DWIDTH 4 0
BBX 4 5 0 0
BITMAP
90
60
60
60
40
ENDCHAR
STARTCHAR 00A7
ENCODING 167
SWIDTH 571 0
DWIDTH 4 0
BBX 3 5 0 0
BITMAP
E0
40
A0
60
E0
ENDCHAR
STARTCHAR 00A8
ENCODING 168
SWIDTH 571 0
DWIDTH 4 0
BBX 2 1 1 4
BITMAP
C0
ENDCHAR
STARTCHAR 00A9
ENCODING 169
SWIDTH 857 0
DWIDTH 6 0
BBX 5 6 0 0
BITMAP
70
B8
C8
C8
B8
70
ENDCHAR
STARTCHAR 00AA
ENCODING 170
SWIDTH 428 0
DWIDTH 3 0
BBX 2 3 0 2
BITMAP
C0
C0
C0
ENDCHAR
STARTCHAR 00AB
ENCODING 171
SWIDTH 571 0
DWIDTH 4 0
BBX 3 3 0 0
BITMAP
60
A0
60
ENDCHAR
STARTCHAR 00AE
ENCODING 174
SWIDTH 857 0
DWIDTH 6 0
BBX 5 6 0 0
BITMAP
70
B8
B8
B8
B8
70
ENDCHAR
STARTCHAR 00AF
ENCODING 175
SWIDTH 571 0
DWIDTH 4 0
BBX 4 1 0 5
BITMAP
F0
ENDCHAR
STARTCHAR 00B0
ENCODING 176
SWIDTH 428 0
DWIDTH 3 0
BBX 3 3 0 3
BITMAP
40
A0
40
ENDCHAR
STARTCHAR 00B4
ENCODING 180
SWIDTH 285 0
DWIDTH 2 0
BBX 2 1 0 4
BITMAP
C0
ENDCHAR
STARTCHAR 00B6
ENCODING 182
SWIDTH 714 0
DWIDTH 5 0
BBX 4 6 0 -1
BITMAP
70
F0
F0
70
30
30
ENDCHAR
STARTCHAR 00B7
ENCODING 183
SWIDTH 285 0
DWIDTH 2 0
BBX 1 1 0 2
BITMAP
80
ENDCHAR
STARTCHAR 00B8
ENCODING 184
SWIDTH 285 0
DWIDTH 2 0
BBX 1 2 0 -2
BITMAP
80
80
ENDCHAR
STARTCHAR 00BA
ENCODING 186
SWIDTH 428 0
DWIDTH 3 0
BBX 2 3 0 2
BITMAP
40
C0
40
ENDCHAR
STARTCHAR 00BB
ENCODING 187
SWIDTH 571 0
DWIDTH 4 0
BBX 3 3 0 0
BITMAP
E0
60
A0
ENDCHAR
STARTCHAR 00BF
ENCODING 191
SWIDTH 428 0
DWIDTH 3 0
BBX 3 6 0 -2
BITMAP
40
00
40
80
80
60
ENDCHAR
STARTCHAR 00C0
ENCODING 192
SWIDTH 571 0
DWIDTH 4 0
BBX 4 6 0 0
BITMAP
60
20
60
50
70
90
ENDCHAR
STARTCHAR 00C1
ENCODING 193
SWIDTH 571 0
DWIDTH 4 0
BBX 4 6 0 0
BITMAP
20
20
60
50
70
90
ENDCHAR
STARTCHAR 00C2
ENCODING 194
SWIDTH 571 0
DWIDTH 4 0
BBX 4 6 0 0
BITMAP
60
20
60
50
70
90
ENDCHAR
STARTCHAR 00C3
ENCODING 195
SWIDTH 571 0
DWIDTH 4 0
BBX 4 6 0 0
BITMAP
70
20
60
50
70
90
ENDCHAR
STARTCHAR 00C4
ENCODING 196
SWIDTH 571 0
DWIDTH 4 0
BBX 4 6 0 0
BITMAP
60
20
60
50
70
90
ENDCHAR
STARTCHAR 00C5
ENCODING 197
SWIDTH 571 0
DWIDTH 4 0
BBX 4 6 0 0
BITMAP
20
60
60
50
70
90
ENDCHAR
STARTCHAR 00C6
ENCODING 198
SWIDTH 857 0
DWIDTH 6 0
BBX 6 5 0 0
BITMAP
3C
50
5C
70
9C
ENDCHAR
STARTCHAR 00C7
ENCODING 199
SWIDTH 571 0
DWIDTH 4 0
BBX 4 7 0 -2
BITMAP
70
80
80
80
70
20
20
ENDCHAR
STARTCHAR 00C8
ENCODING 200
SWIDTH 571 0
DWIDTH 4 0
BBX 2 6 1 0
BITMAP
80
C0
80
C0
80
C0
ENDCHAR
STARTCHAR 00C9
ENCODING 201
SWIDTH 571 0
DWIDTH 4 0
BBX 2 6 1 0
BITMAP
40
C0
80
C0
80
C0
ENDCHAR
STARTCHAR 00CA
ENCODING 202
SWIDTH 571 0
DWIDTH 4 0
BBX 2 6 1 0
BITMAP
C0
C0
80
C0
80
C0
ENDCHAR
STARTCHAR 00CB
ENCODING 203
SWIDTH 571 0
DWIDTH 4 0
BBX 2 6 1 0
BITMAP
C0
C0
80
C0
80
C0
ENDCHAR
STARTCHAR 00CC
ENCODING 204
SWIDTH 285 0
DWIDTH 2 0
BBX 2 6 0 0
BITMAP
C0
C0
40
40
40
C0
ENDCHAR
STARTCHAR 00CD
ENCODING 205
SWIDTH 285 0
DWIDTH 2 0
BBX 2 6 0 0
BITMAP
40
C0
40
40
40
C0
ENDCHAR
STARTCHAR 00CE
ENCODING 206
SWIDTH 285 0
DWIDTH 2 0
BBX 2 6 0 0
BITMAP
C0
40
40
40
40
C0
ENDCHAR
STARTCHAR 00CF
ENCODING 207
SWIDTH 285 0
DWIDTH 2 0
BBX 2 6 0 0
BITMAP
C0
40
40
40
40
C0
ENDCHAR
STARTCHAR 00D0
ENCODING 208
SWIDTH 714 0
DWIDTH 5 0
BBX 5 5 0 0
BITMAP
70
48
E8
48
70
ENDCHAR
STARTCHAR 00D1
ENCODING 209
SWIDTH 714 0
DWIDTH 5 0
BBX 4 6 1 0
BITMAP
E0
90
90
D0
B0
90
ENDCHAR
STARTCHAR 00D2
ENCODING 210
SWIDTH 714 0
DWIDTH 5 0
BBX 5 6 0 0
BITMAP
20
70
88
88
88
70
ENDCHAR
STARTCHAR 00D3
ENCODING 211
SWIDTH 714 0
DWIDTH 5 0
BBX 5 6 0 0
BITMAP
10
70
88
88
88
70
ENDCHAR
STARTCHAR 00D4
ENCODING 212
SWIDTH 714 0
DWIDTH 5 0
BBX 5 6 0 0
BITMAP
20
70
88
88
88
70
ENDCHAR
STARTCHAR 00D5
ENCODING 213
SWIDTH 714 0
DWIDTH 5 0
BBX 5 6 0 0
BITMAP
30
70
88
88
88
70
ENDCHAR
STARTCHAR 00D6
ENCODING 214
SWIDTH 714 0
DWIDTH 5 0
BBX 5 6 0 0
BITMAP
30
70
88
88
88
70
ENDCHAR
STARTCHAR 00D7
ENCODING 215
SWIDTH 571 0
DWIDTH 4 0
BBX 4 3 0 1
BITMAP
90
60
F0
ENDCHAR
STARTCHAR 00D8
ENCODING 216
SWIDTH 714 0
DWIDTH 5 0
BBX 5 5 0 0
BITMAP
78
98
A8
C8
70
ENDCHAR
STARTCHAR 00D9
ENCODING 217
SWIDTH 714 0
DWIDTH 5 0
BBX 3 6 1 0
BITMAP
40
A0
A0
A0
A0
E0
ENDCHAR
STARTCHAR 00DA
ENCODING 218
SWIDTH 714 0
DWIDTH 5 0
BBX 3 6 1 0
BITMAP
60
A0
A0
A0
A0
E0
ENDCHAR
STARTCHAR 00DB
ENCODING 219
SWIDTH 714 0
DWIDTH 5 0
BBX 3 6 1 0
BITMAP
40
A0
A0
A0
A0
E0
ENDCHAR
STARTCHAR 00DC
ENCODING 220
SWIDTH 714 0
DWIDTH 5 0
BBX 3 6 1 0
BITMAP
A0
A0
A0
A0
A0
E0
ENDCHAR
STARTCHAR 00DD
ENCODING 221
SWIDTH 571 0
DWIDTH 4 0
BBX 4 6 0 0
BITMAP
20
90
60
60
40
40
ENDCHAR
STARTCHAR 00DE
ENCODING 222
SWIDTH 571 0
DWIDTH 4 0
BBX 3 5 1 0
BITMAP
C0
A0
A0
C0
80
ENDCHAR
STARTCHAR 00DF
ENCODING 223
SWIDTH 571 0
DWIDTH 4 0
BBX 3 5 1 0
BITMAP
E0
A0
C0
A0
E0
ENDCHAR
STARTCHAR 00E0
ENCODING 224
SWIDTH 571 0
DWIDTH 4 0
BBX 3 5 0 0
BITMAP
40
60
60
A0
E0
ENDCHAR
STARTCHAR 00E1
ENCODING 225
SWIDTH 571 0
DWIDTH 4 0
BBX 3 5 0 0
BITMAP
20
60
60
A0
E0
ENDCHAR
STARTCHAR 00E2
ENCODING 226
SWIDTH 571 0
DWIDTH 4 0
BBX 3 5 0 0
BITMAP
60
60
60
A0
E0
ENDCHAR
STARTCHAR 00E3
ENCODING 227
SWIDTH 571 0
DWIDTH 4 0
BBX 3 5 0 0
BITMAP
60
60
60
A0
E0
ENDCHAR
STARTCHAR 00E4
ENCODING 228
SWIDTH 571 0
DWIDTH 4 0
BBX 3 5 0 0
BITMAP
60
60
60
A0
E0
ENDCHAR
STARTCHAR 00E5
ENCODING 229
SWIDTH 571 0
DWIDTH 4 0
BBX 3 6 0 0
BITMAP
60
60
60
60
A0
E0
ENDCHAR
STARTCHAR 00E6
ENCODING 230
SWIDTH 857 0
DWIDTH 6 0
BBX 6 4 0 0
BITMAP
78
7C
A0
7C
ENDCHAR
STARTCHAR 00E7
ENCODING 231
SWIDTH 428 0
DWIDTH 3 0
BBX 3 6 0 -2
BITMAP
60
80
80
60
20
40
ENDCHAR
STARTCHAR 00E8
ENCODING 232
SWIDTH 571 0
DWIDTH 4 0
BBX 4 5 0 0
BITMAP
40
60
F0
80
60
ENDCHAR
STARTCHAR 00E9
ENCODING 233
SWIDTH 571 0
DWIDTH 4 0
BBX 4 5 0 0
BITMAP
20
60
F0
80
60
ENDCHAR
STARTCHAR 00EA
ENCODING 234
SWIDTH 571 0
DWIDTH 4 0
BBX 4 5 0 0
BITMAP
60
60
F0
80
60
ENDCHAR
STARTCHAR 00EB
ENCODING 235
SWIDTH 571 0
DWIDTH 4 0
BBX 4 5 0 0
BITMAP
60
60
F0
80
60
ENDCHAR
STARTCHAR 00EC
ENCODING 236
SWIDTH 285 0
DWIDTH 2 0
BBX 1 5 0 0
BITMAP
80
80
80
80
80
ENDCHAR
STARTCHAR 00ED
ENCODING 237
SWIDTH 285 0
DWIDTH 2 0
BBX 1 5 1 0
BITMAP
80
80
80
80
80
ENDCHAR
STARTCHAR 00EE
ENCODING 238
SWIDTH 285 0
DWIDTH 2 0
BBX 2 5 0 0
BITMAP
C0
80
80
80
80
ENDCHAR
STARTCHAR 00EF
ENCODING 239
SWIDTH 285 0
DWIDTH 2 0
BBX 2 5 0 0
BITMAP
C0
80
80
80
80
ENDCHAR
STARTCHAR 00F0
ENCODING 240
SWIDTH 571 0
DWIDTH 4 0
BBX 4 6 0 0
BITMAP
50
60
70
90
90
60
ENDCHAR
STARTCHAR 00F1
ENCODING 241
SWIDTH 571 0
DWIDTH 4 0
BBX 3 5 1 0
BITMAP
C0
E0
A0
A0
A0
ENDCHAR
STARTCHAR 00F2
ENCODING 242
SWIDTH 571 0
DWIDTH 4 0
BBX 4 5 0 0
BITMAP
40
60
90
90
60
ENDCHAR
STARTCHAR 00F3
ENCODING 243
SWIDTH 571 0
DWIDTH 4 0
BBX 4 5 0 0
BITMAP
20
60
90
90
60
ENDCHAR
STARTCHAR 00F4
ENCODING 244
SWIDTH 571 0
DWIDTH 4 0
BBX 4 5 0 0
BITMAP
60
60
90
90
60
ENDCHAR
STARTCHAR 00F5
ENCODING 245
SWIDTH 571 0
DWIDTH 4 0
BBX 4 5 0 0
BITMAP
60
60
90
90
60
ENDCHAR
STARTCHAR 00F6
ENCODING 246
SWIDTH 571 0
DWIDTH 4 0
BBX 4 5 0 0
BITMAP
60
60
90
90
60
ENDCHAR
STARTCHAR 00F7
ENCODING 247
SWIDTH 571 0
DWIDTH 4 0
BBX 4 4 0 1
BITMAP
40
00
F0
40
ENDCHAR
STARTCHAR 00F8
ENCODING 248
SWIDTH 571 0
DWIDTH 4 0
BBX 4 4 0 0
BITMAP
70
B0
D0
60
ENDCHAR
STARTCHAR 00F9
ENCODING 249
SWIDTH 571 0
DWIDTH 4 0
BBX 3 5 1 0
BITMAP
C0
A0
A0
A0
E0
ENDCHAR
STARTCHAR 00FA
ENCODING 250
SWIDTH 571 0
DWIDTH 4 0
BBX 3 5 1 0
BITMAP
40
A0
A0
A0
E0
ENDCHAR
STARTCHAR 00FB
ENCODING 251
SWIDTH 571 0
DWIDTH 4 0
BBX 3 5 1 0
BITMAP
C0
A0
A0
A0
E0
ENDCHAR
STARTCHAR 00FC
ENCODING 252
SWIDTH 571 0
DWIDTH 4 0
BBX 3 5 1 0
BITMAP
C0
A0
A0
A0
E0
ENDCHAR
STARTCHAR 00FD
ENCODING 253
SWIDTH 571 0
DWIDTH 4 0
BBX 4 7 0 -2
BITMAP
60
90
A0
60
40
40
C0
ENDCHAR
STARTCHAR 00FE
ENCODING 254
SWIDTH 571 0
DWIDTH 4 0
BBX 3 7 1 -2
BITMAP
80
E0
A0
A0
C0
80
80
ENDCHAR
STARTCHAR 00FF
ENCODING 255
SWIDTH 571 0
DWIDTH 4 0
BBX 4 7 0 -2
BITMAP
60
90
A0
60
40
40
C0
ENDCHAR
STARTCHAR 0100
ENCODING 256
SWIDTH 571 0
DWIDTH 4 0
BBX 4 6 0 0
BITMAP
60
20
60
50
70
90
ENDCHAR
STARTCHAR 0101
ENCODING 257
SWIDTH 571 0
DWIDTH 4 0
BBX 3 5 0 0
BITMAP
60
60
60
A0
E0
ENDCHAR
STARTCHAR 0102
ENCODING 258
SWIDTH 571 0
DWIDTH 4 0
BBX 4 6 0 0
BITMAP
60
20
60
50
70
90
ENDCHAR
STARTCHAR 0103
ENCODING 259
SWIDTH 571 0
DWIDTH 4 0
BBX 3 5 0 0
BITMAP
60
60
60
A0
E0
ENDCHAR
STARTCHAR 0104
ENCODING 260
SWIDTH 571 0
DWIDTH 4 0
BBX 4 7 0 -2
BITMAP
20
60
50
70
90
10
10
ENDCHAR
STARTCHAR 0105
ENCODING 261
SWIDTH 571 0
DWIDTH 4 0
BBX 4 6 0 -2
BITMAP
60
60
90
E0
20
10
ENDCHAR
STARTCHAR 0106
ENCODING 262
SWIDTH 571 0
DWIDTH 4 0
BBX 4 6 0 0
BITMAP
30
70
80
80
80
70
ENDCHAR
STARTCHAR 0107
ENCODING 263
SWIDTH 428 0
DWIDTH 3 0
BBX 3 5 0 0
BITMAP
20
60
80
80
60
ENDCHAR
STARTCHAR 010A
ENCODING 266
SWIDTH 571 0
DWIDTH 4 0
BBX 4 6 0 0
BITMAP
20
70
80
80
80
70
ENDCHAR
STARTCHAR 010B
ENCODING 267
SWIDTH 428 0
DWIDTH 3 0
BBX 3 5 0 0
BITMAP
40
60
80
80
60
ENDCHAR
STARTCHAR 010C
ENCODING 268
SWIDTH 571 0
DWIDTH 4 0
BBX 4 6 0 0
BITMAP
70
70
80
80
80
70
ENDCHAR
STARTCHAR 010D
ENCODING 269
SWIDTH 428 0
DWIDTH 3 0
BBX 3 5 0 0
BITMAP
60
60
80
80
60
ENDCHAR
STARTCHAR 010E
ENCODING 270
SWIDTH 714 0
DWIDTH 5 0
BBX 4 6 1 0
BITMAP
E0
E0
90
90
90
E0
ENDCHAR
STARTCHAR 010F
ENCODING 271
SWIDTH 571 0
DWIDTH 4 0
BBX 5 5 0 0
BITMAP
18
70
90
90
70
ENDCHAR
STARTCHAR 0110
ENCODING 272
SWIDTH 714 0
DWIDTH 5 0
BBX 5 5 0 0
BITMAP
70
48
E8
48
70
ENDCHAR
STARTCHAR 0111
ENCODING 273
SWIDTH 571 0
DWIDTH 4 0
BBX 4 5 0 0
BITMAP
30
70
90
90
70
ENDCHAR
STARTCHAR 0112
ENCODING 274
SWIDTH 571 0
DWIDTH 4 0
BBX 2 6 1 0
BITMAP
C0
C0
80
C0
80
C0
ENDCHAR
STARTCHAR 0113
ENCODING 275
SWIDTH 571 0
DWIDTH 4 0
BBX 4 5 0 0
BITMAP
60
60
F0
80
60
ENDCHAR
STARTCHAR 0116
ENCODING 278
SWIDTH 571 0
DWIDTH 4 0
BBX 2 6 1 0
BITMAP
40
C0
80
C0
80
C0
ENDCHAR
STARTCHAR 0117
ENCODING 279
SWIDTH 571 0
DWIDTH 4 0
BBX 4 5 0 0
BITMAP
40
60
F0
80
60
ENDCHAR
STARTCHAR 0118
ENCODING 280
SWIDTH 571 0
DWIDTH 4 0
BBX 2 7 1 -2
BITMAP
C0
80
C0
80
C0
40
40
ENDCHAR
STARTCHAR 0119
ENCODING 281
SWIDTH 571 0
DWIDTH 4 0
BBX 4 6 0 -2
BITMAP
60
90
F0
60
20
20
ENDCHAR
STARTCHAR 011A
ENCODING 282
SWIDTH 571 0
DWIDTH 4 0
BBX 2 6 1 0
BITMAP
C0
C0
80
C0
80
C0
ENDCHAR
STARTCHAR 011B
ENCODING 283
SWIDTH 571 0
DWIDTH 4 0
BBX 4 5 0 0
BITMAP
60
60
F0
80
60
ENDCHAR
STARTCHAR 011E
ENCODING 286
SWIDTH 714 0
DWIDTH 5 0
BBX 5 6 0 0
BITMAP
30
78
80
98
88
78
ENDCHAR
STARTCHAR 011F
ENCODING 287
SWIDTH 571 0
DWIDTH 4 0
BBX 4 7 0 -2
BITMAP
60
70
90
90
70
10
60
ENDCHAR
STARTCHAR 0120
ENCODING 288
SWIDTH 714 0
DWIDTH 5 0
BBX 5 6 0 0
BITMAP
20
78
80
98
88
78
ENDCHAR
STARTCHAR 0121
ENCODING 289
SWIDTH 571 0
DWIDTH 4 0
BBX 4 7 0 -2
BITMAP
20
70
90
90
70
10
60
ENDCHAR
STARTCHAR 0122
ENCODING 290
SWIDTH 714 0
DWIDTH 5 0
BBX 5 6 0 -1
BITMAP
78
80
98
88
78
20
ENDCHAR
STARTCHAR 0123
ENCODING 291
SWIDTH 571 0
DWIDTH 4 0
BBX 4 7 0 -2
BITMAP
20
70
90
90
70
10
60
ENDCHAR
STARTCHAR 0126
ENCODING 294
SWIDTH 714 0
DWIDTH 5 0
BBX 5 5 0 0
BITMAP
F8
88
78
88
88
ENDCHAR
STARTCHAR 0127
ENCODING 295
SWIDTH 571 0
DWIDTH 4 0
BBX 4 5 0 0
BITMAP
E0
70
90
90
90
ENDCHAR
STARTCHAR 012A
ENCODING 298
SWIDTH 285 0
DWIDTH 2 0
BBX 2 6 0 0
BITMAP
C0
40
40
40
40
C0
ENDCHAR
STARTCHAR 012B
ENCODING 299
SWIDTH 285 0
DWIDTH 2 0
BBX 2 5 0 0
BITMAP
C0
80
80
80
80
ENDCHAR
STARTCHAR 012E
ENCODING 302
SWIDTH 285 0
DWIDTH 2 0
BBX 2 7 0 -2
BITMAP
C0
40
40
40
C0
40
40
ENDCHAR
STARTCHAR 012F
ENCODING 303
SWIDTH 285 0
DWIDTH 2 0
BBX 1 7 0 -2
BITMAP
80
80
80
80
80
80
80
ENDCHAR
STARTCHAR 0130
ENCODING 304
SWIDTH 285 0
DWIDTH 2 0
BBX 2 6 0 0
BITMAP
40
C0
40
40
40
C0
ENDCHAR
STARTCHAR 0131
ENCODING 305
SWIDTH 285 0
DWIDTH 2 0
BBX 1 4 0 0
BITMAP
80
80
80
80
ENDCHAR
STARTCHAR 0136
ENCODING 310
SWIDTH 571 0
DWIDTH 4 0
BBX 3 6 1 -1
BITMAP
A0
C0
C0
C0
A0
40
ENDCHAR
STARTCHAR 0137
ENCODING 311
SWIDTH 571 0
DWIDTH 4 0
BBX 3 6 1 -1
BITMAP
80
E0
80
C0
E0
80
ENDCHAR
STARTCHAR 0139
ENCODING 313
SWIDTH 571 0
DWIDTH 4 0
BBX 3 6 1 0
BITMAP
80
80
80
80
80
E0
ENDCHAR
STARTCHAR 013A
ENCODING 314
SWIDTH 285 0
DWIDTH 2 0
BBX 1 7 1 0
BITMAP
80
00
80
80
80
80
80
ENDCHAR
STARTCHAR 013B
ENCODING 315
SWIDTH 571 0
DWIDTH 4 0
BBX 3 6 1 -1
BITMAP
80
80
80
80
E0
40
ENDCHAR
STARTCHAR 013C
ENCODING 316
SWIDTH 285 0
DWIDTH 2 0
BBX 1 6 0 -1
BITMAP
80
80
80
80
80
80
ENDCHAR
STARTCHAR 013D
ENCODING 317
SWIDTH 571 0
DWIDTH 4 0
BBX 3 5 1 0
BITMAP
A0
80
80
80
E0
ENDCHAR
STARTCHAR 013E
ENCODING 318
SWIDTH 285 0
DWIDTH 2 0
BBX 1 5 1 0
BITMAP
80
80
80
80
80
ENDCHAR
STARTCHAR 0141
ENCODING 321
SWIDTH 571 0
DWIDTH 4 0
BBX 4 5 0 0
BITMAP
80
80
60
80
70
ENDCHAR
STARTCHAR 0142
ENCODING 322
SWIDTH 285 0
DWIDTH 2 0
BBX 2 5 0 0
BITMAP
80
80
40
80
80
ENDCHAR
STARTCHAR 0143
ENCODING 323
SWIDTH 714 0
DWIDTH 5 0
BBX 4 6 1 0
BITMAP
60
90
90
D0
B0
90
ENDCHAR
STARTCHAR 0144
ENCODING 324
SWIDTH 571 0
DWIDTH 4 0
BBX 3 5 1 0
BITMAP
40
E0
A0
A0
A0
ENDCHAR
STARTCHAR 0145
ENCODING 325
SWIDTH 714 0
DWIDTH 5 0
BBX 4 6 1 -1
BITMAP
90
90
D0
B0
90
40
ENDCHAR
STARTCHAR 0146
ENCODING 326
SWIDTH 571 0
DWIDTH 4 0
BBX 3 5 1 -1
BITMAP
E0
A0
A0
A0
40
ENDCHAR
STARTCHAR 0147
ENCODING 327
SWIDTH 714 0
DWIDTH 5 0
BBX 4 6 1 0
BITMAP
E0
90
90
D0
B0
90
ENDCHAR
STARTCHAR 0148
ENCODING 328
SWIDTH 571 0
DWIDTH 4 0
BBX 3 5 1 0
BITMAP
C0
E0
A0
A0
A0
ENDCHAR
STARTCHAR 014A
ENCODING 330
SWIDTH 714 0
DWIDTH 5 0
BBX 4 7 1 -2
BITMAP
90
90
D0
B0
90
10
20
ENDCHAR
STARTCHAR 014B
ENCODING 331
SWIDTH 571 0
DWIDTH 4 0
BBX 3 6 1 -2
BITMAP
E0
A0
A0
A0
20
60
ENDCHAR
STARTCHAR 014C
ENCODING 332
SWIDTH 714 0
DWIDTH 5 0
BBX 5 6 0 0
BITMAP
30
70
88
88
88
70
ENDCHAR
STARTCHAR 014D
ENCODING 333
SWIDTH 571 0
DWIDTH 4 0
BBX 4 5 0 0
BITMAP
60
60
90
90
60
ENDCHAR
STARTCHAR 0150
ENCODING 336
SWIDTH 714 0
DWIDTH 5 0
BBX 5 7 0 0
BITMAP
30
40
70
88
88
88
70
ENDCHAR
STARTCHAR 0151
ENCODING 337
SWIDTH 571 0
DWIDTH 4 0
BBX 4 6 0 0
BITMAP
60
00
60
90
90
60
ENDCHAR
STARTCHAR 0152
ENCODING 338
SWIDTH 1000 0
DWIDTH 7 0
BBX 6 5 0 0
BITMAP
7C
90
9C
90
7C
ENDCHAR
STARTCHAR 0153
ENCODING 339
SWIDTH 1000 0
DWIDTH 7 0
BBX 6 4 0 0
BITMAP
6C
9C
90
6C
ENDCHAR
STARTCHAR 0154
ENCODING 340
SWIDTH 571 0
DWIDTH 4 0
BBX 3 6 1 0
BITMAP
40
E0
A0
C0
A0
A0
ENDCHAR
STARTCHAR 0155
ENCODING 341
SWIDTH 428 0
DWIDTH 3 0
BBX 2 5 1 0
BITMAP
C0
C0
80
80
80
ENDCHAR
STARTCHAR 0156
ENCODING 342
SWIDTH 571 0
DWIDTH 4 0
BBX 3 6 1 -1
BITMAP
E0
A0
C0
A0
A0
40
ENDCHAR
STARTCHAR 0157
ENCODING 343
SWIDTH 428 0
DWIDTH 3 0
BBX 3 5 0 -1
BITMAP
60
80
80
80
80
ENDCHAR
STARTCHAR 0158
ENCODING 344
SWIDTH 571 0
DWIDTH 4 0
BBX 3 6 1 0
BITMAP
C0
E0
A0
C0
A0
A0
ENDCHAR
STARTCHAR 0159
ENCODING 345
SWIDTH 428 0
DWIDTH 3 0
BBX 3 5 0 0
BITMAP
E0
60
80
80
80
ENDCHAR
STARTCHAR 015A
ENCODING 346
SWIDTH 571 0
DWIDTH 4 0
BBX 4 6 0 0
BITMAP
20
60
80
60
10
E0
ENDCHAR
STARTCHAR 015B
ENCODING 347
SWIDTH 428 0
DWIDTH 3 0
BBX 3 5 0 0
BITMAP
60
60
C0
20
E0
ENDCHAR
STARTCHAR 015E
ENCODING 350
SWIDTH 571 0
DWIDTH 4 0
BBX 4 7 0 -2
BITMAP
60
80
60
10
E0
60
40
ENDCHAR
STARTCHAR 015F
ENCODING 351
SWIDTH 428 0
DWIDTH 3 0
BBX 3 6 0 -2
BITMAP
60
C0
20
A0
40
40
ENDCHAR
STARTCHAR 0160
ENCODING 352
SWIDTH 571 0
DWIDTH 4 0
BBX 4 6 0 0
BITMAP
60
60
80
60
10
E0
ENDCHAR
STARTCHAR 0161
ENCODING 353
SWIDTH 428 0
DWIDTH 3 0
BBX 3 5 0 0
BITMAP
E0
60
C0
20
E0
ENDCHAR
STARTCHAR 0164
ENCODING 356
SWIDTH 571 0
DWIDTH 4 0
BBX 4 6 0 0
BITMAP
60
F0
40
40
40
40
ENDCHAR
STARTCHAR 0165
ENCODING 357
SWIDTH 428 0
DWIDTH 3 0
BBX 3 5 0 0
BITMAP
60
C0
80
80
40
ENDCHAR
STARTCHAR 016A
ENCODING 362
SWIDTH 714 0
DWIDTH 5 0
BBX 3 6 1 0
BITMAP
60
A0
A0
A0
A0
E0
ENDCHAR
STARTCHAR 016B
ENCODING 363
SWIDTH 571 0
DWIDTH 4 0
BBX 3 5 1 0
BITMAP
C0
A0
A0
A0
E0
ENDCHAR
STARTCHAR 016C
ENCODING 364
SWIDTH 714 0
DWIDTH 5 0
BBX 3 6 1 0
BITMAP
E0
A0
A0
A0
A0
E0
ENDCHAR
STARTCHAR 016D
ENCODING 365
SWIDTH 571 0
DWIDTH 4 0
BBX 3 5 1 0
BITMAP
C0
A0
A0
A0
E0
ENDCHAR
STARTCHAR 016E
ENCODING 366
SWIDTH 714 0
DWIDTH 5 0
BBX 3 7 1 0
BITMAP
40
40
A0
A0
A0
A0
E0
ENDCHAR
STARTCHAR 016F
ENCODING 367
SWIDTH 571 0
DWIDTH 4 0
BBX 3 6 1 0
BITMAP
40
C0
A0
A0
A0
E0
ENDCHAR
STARTCHAR 0170
ENCODING 368
SWIDTH 714 0
DWIDTH 5 0
BBX 3 7 1 0
BITMAP
E0
00
A0
A0
A0
A0
E0
ENDCHAR
STARTCHAR 0171
ENCODING 369
SWIDTH 571 0
DWIDTH 4 0
BBX 3 6 1 0
BITMAP
C0
00
A0
A0
A0
E0
ENDCHAR
STARTCHAR 0172
ENCODING 370
SWIDTH 714 0
DWIDTH 5 0
BBX 3 7 1 -2
BITMAP
A0
A0
A0
A0
E0
20
20
ENDCHAR
STARTCHAR 0173
ENCODING 371
SWIDTH 571 0
DWIDTH 4 0
BBX 3 6 1 -2
BITMAP
A0
A0
A0
E0
20
20
ENDCHAR
STARTCHAR 0174
ENCODING 372
SWIDTH 1000 0
DWIDTH 7 0
BBX 6 6 0 0
BITMAP
30
94
B4
6C
48
48
ENDCHAR
STARTCHAR 0175
ENCODING 373
SWIDTH 857 0
DWIDTH 6 0
BBX 5 5 0 0
BITMAP
30
A8
B8
58
48
ENDCHAR
STARTCHAR 0176
ENCODING 374
SWIDTH 571 0
DWIDTH 4 0
BBX 4 6 0 0
BITMAP
60
90
60
60
40
40
ENDCHAR
STARTCHAR 0177
ENCODING 375
SWIDTH 571 0
DWIDTH 4 0
BBX 4 7 0 -2
BITMAP
60
90
A0
60
40
40
C0
ENDCHAR
STARTCHAR 0178
ENCODING 376
SWIDTH 571 0
DWIDTH 4 0
BBX 4 6 0 0
BITMAP
60
90
60
60
40
40
ENDCHAR
STARTCHAR 0179
ENCODING 377
SWIDTH 571 0
DWIDTH 4 0
BBX 4 6 0 0
BITMAP
20
F0
20
40
40
F0
ENDCHAR
STARTCHAR 017A
ENCODING 378
SWIDTH 428 0
DWIDTH 3 0
BBX 3 5 0 0
BITMAP
60
A0
40
40
E0
ENDCHAR
STARTCHAR 017B
ENCODING 379
SWIDTH 571 0
DWIDTH 4 0
BBX 4 6 0 0
BITMAP
20
F0
20
40
40
F0
ENDCHAR
STARTCHAR 017C
ENCODING 380
SWIDTH 428 0
DWIDTH 3 0
BBX 3 5 0 0
BITMAP
40
A0
40
40
E0
ENDCHAR
STARTCHAR 017D
ENCODING 381
SWIDTH 571 0
DWIDTH 4 0
BBX 4 6 0 0
BITMAP
60
F0
20
40
40
F0
ENDCHAR
STARTCHAR 017E
ENCODING 382
SWIDTH 428 0
DWIDTH 3 0
BBX 3 5 0 0
BITMAP
E0
A0
40
40
E0
ENDCHAR
STARTCHAR 0218
ENCODING 536
SWIDTH 571 0
DWIDTH 4 0
BBX 4 6 0 -1
BITMAP
60
80
60
10
E0
40
ENDCHAR
STARTCHAR 0219
ENCODING 537
SWIDTH 428 0
DWIDTH 3 0
BBX 3 5 0 -1
BITMAP
60
C0
20
A0
40
ENDCHAR
STARTCHAR 021A
ENCODING 538
SWIDTH 571 0
DWIDTH 4 0
BBX 4 6 0 -1
BITMAP
F0
40
40
40
40
40
ENDCHAR
STARTCHAR 021B
ENCODING 539
SWIDTH 428 0
DWIDTH 3 0
BBX 2 6 0 -1
BITMAP
40
C0
80
80
40
40
ENDCHAR
STARTCHAR 0237
ENCODING 567
SWIDTH 285 0
DWIDTH 2 0
BBX 1 6 0 -2
BITMAP
80
80
80
80
80
80
ENDCHAR
STARTCHAR 02C6
ENCODING 710
SWIDTH 428 0
DWIDTH 3 0
BBX 3 1 0 4
BITMAP
E0
ENDCHAR
STARTCHAR 02C7
ENCODING 711
SWIDTH 428 0
DWIDTH 3 0
BBX 3 1 0 4
BITMAP
E0
ENDCHAR
STARTCHAR 02C9
ENCODING 713
SWIDTH 428 0
DWIDTH 3 0
BBX 2 1 0 4
BITMAP
C0
ENDCHAR
STARTCHAR 02D8
ENCODING 728
SWIDTH 428 0
DWIDTH 3 0
BBX 2 1 0 4
BITMAP
C0
ENDCHAR
STARTCHAR 02D9
ENCODING 729
SWIDTH 142 0
DWIDTH 1 0
BBX 1 1 0 4
BITMAP
80
ENDCHAR
STARTCHAR 02DA
ENCODING 730
SWIDTH 285 0
DWIDTH 2 0
BBX 2 2 0 4
BITMAP
C0
C0
ENDCHAR
STARTCHAR 02DB
ENCODING 731
SWIDTH 285 0
DWIDTH 2 0
BBX 1 2 0 -2
BITMAP
80
80
ENDCHAR
STARTCHAR 02DC
ENCODING 732
SWIDTH 428 0
DWIDTH 3 0
BBX 3 1 0 4
BITMAP
E0
ENDCHAR
STARTCHAR 02DD
ENCODING 733
SWIDTH 428 0
DWIDTH 3 0
BBX 3 1 0 5
BITMAP
E0
ENDCHAR
STARTCHAR 0300
ENCODING 768
SWIDTH 0 0
DWIDTH 0 0
BBX 1 1 -3 4
BITMAP
80
ENDCHAR
STARTCHAR 0301
ENCODING 769
SWIDTH 0 0
DWIDTH 0 0
BBX 1 1 -2 4
BITMAP
80
ENDCHAR
STARTCHAR 0302
ENCODING 770
SWIDTH 0 0
DWIDTH 0 0
BBX 2 1 -1 4
BITMAP
C0
ENDCHAR
STARTCHAR 0303
ENCODING 771
SWIDTH 0 0
DWIDTH 0 0
BBX 2 1 -3 4
BITMAP
C0
ENDCHAR
STARTCHAR 0304
ENCODING 772
SWIDTH 0 0
DWIDTH 0 0
BBX 2 1 -1 4
BITMAP
C0
ENDCHAR
STARTCHAR 0306
ENCODING 774
SWIDTH 0 0
DWIDTH 0 0
BBX 2 1 -1 4
BITMAP
C0
ENDCHAR
STARTCHAR 0307
ENCODING 775
SWIDTH 0 0
DWIDTH 0 0
BBX 1 1 0 4
BITMAP
80
ENDCHAR
STARTCHAR 0308
ENCODING 776
SWIDTH 0 0
DWIDTH 0 0
BBX 2 1 -1 4
BITMAP
C0
ENDCHAR
STARTCHAR 030A
ENCODING 778
SWIDTH 0 0
DWIDTH 0 0
BBX 2 2 -1 4
BITMAP
C0
C0
ENDCHAR
STARTCHAR 030B
ENCODING 779
SWIDTH 0 0
DWIDTH 0 0
BBX 3 1 -1 5
BITMAP
E0
ENDCHAR
STARTCHAR 030C
ENCODING 780
SWIDTH 0 0
DWIDTH 0 0
BBX 2 1 -1 4
BITMAP
C0
ENDCHAR
STARTCHAR 0312
ENCODING 786
SWIDTH 0 0
DWIDTH 0 0
BBX 2 2 -1 3
BITMAP
40
80
ENDCHAR
STARTCHAR 0326
ENCODING 806
SWIDTH 0 0
DWIDTH 0 0
BBX 1 1 0 -1
BITMAP
80
ENDCHAR
STARTCHAR 0327
ENCODING 807
SWIDTH 0 0
DWIDTH 0 0
BBX 2 2 -1 -2
BITMAP
40
80
ENDCHAR
STARTCHAR 0328
ENCODING 808
SWIDTH 0 0
DWIDTH 0 0
BBX 2 2 -1 -2
BITMAP
80
40
ENDCHAR
STARTCHAR 1E80
ENCODING 7808
SWIDTH 1000 0
DWIDTH 7 0
BBX 6 6 0 0
BITMAP
30
94
B4
6C
48
48
ENDCHAR
STARTCHAR 1E81
ENCODING 7809
SWIDTH 857 0
DWIDTH 6 0
BBX 5 5 0 0
BITMAP
20
A8
B8
58
48
ENDCHAR
STARTCHAR 1E82
ENCODING 7810
SWIDTH 1000 0
DWIDTH 7 0
BBX 6 6 0 0
BITMAP
10
94
B4
6C
48
48
ENDCHAR
STARTCHAR 1E83
ENCODING 7811
SWIDTH 857 0
DWIDTH 6 0
BBX 5 5 0 0
BITMAP
10
A8
B8
58
48
ENDCHAR
STARTCHAR 1E84
ENCODING 7812
SWIDTH 1000 0
DWIDTH 7 0
BBX 6 6 0 0
BITMAP
30
94
B4
6C
48
48
ENDCHAR
STARTCHAR 1E85
ENCODING 7813
SWIDTH 857 0
DWIDTH 6 0
BBX 5 5 0 0
BITMAP
30
A8
B8
58
48
ENDCHAR
STARTCHAR 1E9E
ENCODING 7838
SWIDTH 714 0
DWIDTH 5 0
BBX 4 5 1 0
BITMAP
E0
A0
E0
90
E0
ENDCHAR
STARTCHAR 1EF2
ENCODING 7922
SWIDTH 571 0
DWIDTH 4 0
BBX 4 6 0 0
BITMAP
40
90
60
60
40
40
ENDCHAR
STARTCHAR 1EF3
ENCODING 7923
SWIDTH 571 0
DWIDTH 4 0
BBX 4 7 0 -2
BITMAP
40
90
A0
60
40
40
C0
ENDCHAR
STARTCHAR 2013
ENCODING 8211
SWIDTH 571 0
DWIDTH 4 0
BBX 3 1 0 1
BITMAP
E0
ENDCHAR
STARTCHAR 2014
ENCODING 8212
SWIDTH 1000 0
DWIDTH 7 0
BBX 7 1 0 1
BITMAP
FE
ENDCHAR
STARTCHAR 2018
ENCODING 8216
SWIDTH 142 0
DWIDTH 1 0
BBX 1 2 0 3
BITMAP
80
80
ENDCHAR
STARTCHAR 2019
ENCODING 8217
SWIDTH 142 0
DWIDTH 1 0
BBX 1 2 0 3
BITMAP
80
80
ENDCHAR
STARTCHAR 201A
ENCODING 8218
SWIDTH 285 0
DWIDTH 2 0
BBX 1 2 0 -1
BITMAP
80
80
ENDCHAR
STARTCHAR 201C
ENCODING 8220
SWIDTH 428 0
DWIDTH 3 0
BBX 2 2 0 3
BITMAP
C0
C0
ENDCHAR
STARTCHAR 201D
ENCODING 8221
SWIDTH 428 0
DWIDTH 3 0
BBX 2 2 0 3
BITMAP
C0
C0
ENDCHAR
STARTCHAR 201E
ENCODING 8222
SWIDTH 428 0
DWIDTH 3 0
BBX 3 2 0 -1
BITMAP
A0
C0
ENDCHAR
STARTCHAR 2022
ENCODING 8226
SWIDTH 428 0
DWIDTH 3 0
BBX 3 2 0 2
BITMAP
40
E0
ENDCHAR
STARTCHAR 2026
ENCODING 8230
SWIDTH 857 0
DWIDTH 6 0
BBX 5 1 0 0
BITMAP
A8
ENDCHAR
STARTCHAR 2039
ENCODING 8249
SWIDTH 285 0
DWIDTH 2 0
BBX 2 3 0 0
BITMAP
40
80
40
ENDCHAR
STARTCHAR 203A
ENCODING 8250
SWIDTH 285 0
DWIDTH 2 0
BBX 2 3 0 0
BITMAP
C0
40
80
ENDCHAR
STARTCHAR 20AC
ENCODING 8364
SWIDTH 571 0
DWIDTH 4 0
BBX 4 5 0 0
BITMAP
70
E0
E0
40
70
ENDCHAR
STARTCHAR 20E2
ENCODING 8418
SWIDTH 1714 0
DWIDTH 12 0
BBX 12 8 0 -1
BITMAP
7FF0
8010
8010
8010
8010
8010
8010
7FE0
ENDCHAR
STARTCHAR 20E3
ENCODING 8419
SWIDTH 1000 0
DWIDTH 7 0
BBX 7 7 0 -1
BITMAP
FE
82
82
82
82
82
FE
ENDCHAR
STARTCHAR 2122
ENCODING 8482
SWIDTH 714 0
DWIDTH 5 0
BBX 5 3 0 2
BITMAP
E8
68
78
ENDCHAR
STARTCHAR 21AF
ENCODING 8623
SWIDTH 571 0
DWIDTH 4 0
BBX 2 4 1 0
BITMAP
80
C0
80
C0
ENDCHAR
STARTCHAR 21E6
ENCODING 8678
SWIDTH 857 0
DWIDTH 6 0
BBX 5 5 0 0
BITMAP
20
78
88
78
20
ENDCHAR
STARTCHAR 21E7
ENCODING 8679
SWIDTH 714 0
DWIDTH 5 0
BBX 4 5 0 -1
BITMAP
70
D0
50
50
60
ENDCHAR
STARTCHAR 21E8
ENCODING 8680
SWIDTH 857 0
DWIDTH 6 0
BBX 5 5 0 0
BITMAP
10
F0
88
F0
10
ENDCHAR
STARTCHAR 21E9
ENCODING 8681
SWIDTH 714 0
DWIDTH 5 0
BBX 4 5 0 0
BITMAP
60
50
50
D0
70
ENDCHAR
STARTCHAR 21EA
ENCODING 8682
SWIDTH 714 0
DWIDTH 5 0
BBX 4 6 0 -1
BITMAP
70
D0
50
50
60
60
ENDCHAR
STARTCHAR 21EB
ENCODING 8683
SWIDTH 714 0
DWIDTH 5 0
BBX 4 6 0 -1
BITMAP
70
D0
50
50
D0
F0
ENDCHAR
STARTCHAR 21EC
ENCODING 8684
SWIDTH 714 0
DWIDTH 5 0
BBX 4 6 0 -1
BITMAP
20
D0
50
50
D0
F0
ENDCHAR
STARTCHAR 21ED
ENCODING 8685
SWIDTH 714 0
DWIDTH 5 0
BBX 4 6 0 -1
BITMAP
70
D0
50
50
D0
F0
ENDCHAR
STARTCHAR 21EE
ENCODING 8686
SWIDTH 714 0
DWIDTH 5 0
BBX 4 6 0 -1
BITMAP
70
D0
50
50
50
60
ENDCHAR
STARTCHAR 21EF
ENCODING 8687
SWIDTH 714 0
DWIDTH 5 0
BBX 4 6 0 -1
BITMAP
70
D0
50
50
D0
F0
ENDCHAR
STARTCHAR 21F0
ENCODING 8688
SWIDTH 857 0
DWIDTH 6 0
BBX 6 5 0 0
BITMAP
88
F8
84
F8
88
ENDCHAR
STARTCHAR 21F3
ENCODING 8691
SWIDTH 714 0
DWIDTH 5 0
BBX 4 5 0 0
BITMAP
70
D0
50
D0
70
ENDCHAR
STARTCHAR 2212
ENCODING 8722
SWIDTH 285 0
DWIDTH 2 0
BBX 2 1 0 1
BITMAP
C0
ENDCHAR
STARTCHAR 2218
ENCODING 8728
SWIDTH 285 0
DWIDTH 2 0
BBX 2 2 0 2
BITMAP
80
C0
ENDCHAR
STARTCHAR 2219
ENCODING 8729
SWIDTH 285 0
DWIDTH 2 0
BBX 2 1 0 2
BITMAP
C0
ENDCHAR
STARTCHAR 2299
ENCODING 8857
SWIDTH 857 0
DWIDTH 6 0
BBX 6 6 0 0
BITMAP
38
44
B4
84
44
38
ENDCHAR
STARTCHAR 22C4
ENCODING 8900
SWIDTH 285 0
DWIDTH 2 0
BBX 2 1 0 2
BITMAP
C0
ENDCHAR
STARTCHAR 22C5
ENCODING 8901
SWIDTH 285 0
DWIDTH 2 0
BBX 1 1 0 2
BITMAP
80
ENDCHAR
STARTCHAR 22C6
ENCODING 8902
SWIDTH 285 0
DWIDTH 2 0
BBX 2 2 0 2
BITMAP
40
C0
ENDCHAR
STARTCHAR 2316
ENCODING 8982
SWIDTH 714 0
DWIDTH 5 0
BBX 5 5 0 0
BITMAP
20
70
D8
70
20
ENDCHAR
STARTCHAR 2318
ENCODING 8984
SWIDTH 857 0
DWIDTH 6 0
BBX 5 6 0 0
BITMAP
48
B8
78
78
B8
48
ENDCHAR
STARTCHAR 231A
ENCODING 8986
SWIDTH 857 0
DWIDTH 6 0
BBX 5 6 0 -1
BITMAP
30
58
D8
E8
58
30
ENDCHAR
STARTCHAR 231B
ENCODING 8987
SWIDTH 714 0
DWIDTH 5 0
BBX 5 6 0 0
BITMAP
F8
50
50
70
70
F8
ENDCHAR
STARTCHAR 2324
ENCODING 8996
SWIDTH 857 0
DWIDTH 6 0
BBX 6 3 0 1
BITMAP
DC
30
38
ENDCHAR
STARTCHAR 2325
ENCODING 8997
SWIDTH 857 0
DWIDTH 6 0
BBX 6 3 0 1
BITMAP
EC
10
0C
ENDCHAR
STARTCHAR 2326
ENCODING 8998
SWIDTH 1142 0
DWIDTH 8 0
BBX 8 5 0 0
BITMAP
FC
AA
91
AA
FC
ENDCHAR
STARTCHAR 2327
ENCODING 8999
SWIDTH 1142 0
DWIDTH 8 0
BBX 7 5 0 0
BITMAP
FE
AA
92
AA
FE
ENDCHAR
STARTCHAR 2328
ENCODING 9000
SWIDTH 1000 0
DWIDTH 7 0
BBX 7 6 0 0
BITMAP
FE
FE
FE
FE
BA
FE
ENDCHAR
STARTCHAR 232B
ENCODING 9003
SWIDTH 1142 0
DWIDTH 8 0
BBX 8 5 0 0
BITMAP
3F
53
8D
57
3F
ENDCHAR
STARTCHAR 237B
ENCODING 9083
SWIDTH 714 0
DWIDTH 5 0
BBX 5 6 0 0
BITMAP
10
10
38
A0
60
40
ENDCHAR
STARTCHAR 237D
ENCODING 9085
SWIDTH 1000 0
DWIDTH 7 0
BBX 6 2 0 -2
BITMAP
C4
78
ENDCHAR
STARTCHAR 237E
ENCODING 9086
SWIDTH 714 0
DWIDTH 5 0
BBX 5 5 0 0
BITMAP
70
88
F8
50
D8
ENDCHAR
STARTCHAR 237F
ENCODING 9087
SWIDTH 285 0
DWIDTH 2 0
BBX 1 5 1 0
BITMAP
80
80
80
80
80
ENDCHAR
STARTCHAR 2394
ENCODING 9108
SWIDTH 1000 0
DWIDTH 7 0
BBX 6 6 0 0
BITMAP
38
44
84
84
44
38
ENDCHAR
STARTCHAR 23CE
ENCODING 9166
SWIDTH 714 0
DWIDTH 5 0
BBX 5 5 0 0
BITMAP
18
58
78
F8
40
ENDCHAR
STARTCHAR 23CF
ENCODING 9167
SWIDTH 857 0
DWIDTH 6 0
BBX 4 4 1 0
BITMAP
20
60
90
F0
ENDCHAR
STARTCHAR 23E9
ENCODING 9193
SWIDTH 857 0
DWIDTH 6 0
BBX 4 4 1 0
BITMAP
A0
F0
A0
A0
ENDCHAR
STARTCHAR 23EA
ENCODING 9194
SWIDTH 857 0
DWIDTH 6 0
BBX 4 4 1 0
BITMAP
50
F0
50
30
ENDCHAR
STARTCHAR 23ED
ENCODING 9197
SWIDTH 857 0
DWIDTH 6 0
BBX 6 4 0 0
BITMAP
A4
DC
D4
A4
ENDCHAR
STARTCHAR 23EE
ENCODING 9198
SWIDTH 857 0
DWIDTH 6 0
BBX 6 4 0 0
BITMAP
94
BC
BC
94
ENDCHAR
STARTCHAR 23EF
ENCODING 9199
SWIDTH 857 0
DWIDTH 6 0
BBX 5 4 1 0
BITMAP
A8
E8
A8
A8
ENDCHAR
STARTCHAR 23F1
ENCODING 9201
SWIDTH 1000 0
DWIDTH 7 0
BBX 7 8 0 -1
BITMAP
10
3A
7C
D6
92
C6
7C
38
ENDCHAR
STARTCHAR 23F2
ENCODING 9202
SWIDTH 1000 0
DWIDTH 7 0
BBX 7 7 0 -1
BITMAP
38
7C
E6
92
C6
7C
38
ENDCHAR
STARTCHAR 23F3
ENCODING 9203
SWIDTH 714 0
DWIDTH 5 0
BBX 5 6 0 0
BITMAP
F8
48
70
70
70
F8
ENDCHAR
STARTCHAR 23F4
ENCODING 9204
SWIDTH 571 0
DWIDTH 4 0
BBX 2 4 1 0
BITMAP
40
C0
40
40
ENDCHAR
STARTCHAR 23F5
ENCODING 9205
SWIDTH 571 0
DWIDTH 4 0
BBX 2 4 1 0
BITMAP
80
C0
80
80
ENDCHAR
STARTCHAR 23F6
ENCODING 9206
SWIDTH 571 0
DWIDTH 4 0
BBX 4 2 0 1
BITMAP
20
F0
ENDCHAR
STARTCHAR 23F7
ENCODING 9207
SWIDTH 571 0
DWIDTH 4 0
BBX 4 2 0 1
BITMAP
F0
20
ENDCHAR
STARTCHAR 23F8
ENCODING 9208
SWIDTH 857 0
DWIDTH 6 0
BBX 3 5 2 0
BITMAP
A0
A0
A0
A0
A0
ENDCHAR
STARTCHAR 23F9
ENCODING 9209
SWIDTH 857 0
DWIDTH 6 0
BBX 4 4 1 0
BITMAP
F0
F0
F0
F0
ENDCHAR
STARTCHAR 23FA
ENCODING 9210
SWIDTH 857 0
DWIDTH 6 0
BBX 4 5 1 0
BITMAP
20
F0
F0
F0
70
ENDCHAR
STARTCHAR 23FB
ENCODING 9211
SWIDTH 857 0
DWIDTH 6 0
BBX 6 6 0 0
BITMAP
10
5C
94
84
44
38
ENDCHAR
STARTCHAR 23FC
ENCODING 9212
SWIDTH 857 0
DWIDTH 6 0
BBX 6 6 0 0
BITMAP
38
54
94
94
54
38
ENDCHAR
STARTCHAR 23FD
ENCODING 9213
SWIDTH 857 0
DWIDTH 6 0
BBX 1 5 3 0
BITMAP
80
80
80
80
80
ENDCHAR
STARTCHAR 23FE
ENCODING 9214
SWIDTH 857 0
DWIDTH 6 0
BBX 5 5 1 0
BITMAP
80
80
80
88
70
ENDCHAR
STARTCHAR 23FF
ENCODING 9215
SWIDTH 1000 0
DWIDTH 7 0
BBX 6 6 0 0
BITMAP
04
0C
3C
CC
3C
04
ENDCHAR
STARTCHAR 2400
ENCODING 9216
SWIDTH 571 0
DWIDTH 4 0
BBX 4 5 0 0
BITMAP
80
80
20
10
10
ENDCHAR
STARTCHAR 2401
ENCODING 9217
SWIDTH 571 0
DWIDTH 4 0
BBX 4 5 0 0
BITMAP
80
A0
60
30
10
ENDCHAR
STARTCHAR 2402
ENCODING 9218
SWIDTH 571 0
DWIDTH 4 0
BBX 4 5 0 0
BITMAP
80
20
20
10
10
ENDCHAR
STARTCHAR 2403
ENCODING 9219
SWIDTH 571 0
DWIDTH 4 0
BBX 4 5 0 0
BITMAP
80
20
20
10
10
ENDCHAR
STARTCHAR 2404
ENCODING 9220
SWIDTH 571 0
DWIDTH 4 0
BBX 4 5 0 0
BITMAP
80
20
60
10
10
ENDCHAR
STARTCHAR 2405
ENCODING 9221
SWIDTH 571 0
DWIDTH 4 0
BBX 4 6 0 0
BITMAP
80
80
20
20
10
10
ENDCHAR
STARTCHAR 2406
ENCODING 9222
SWIDTH 571 0
DWIDTH 4 0
BBX 4 5 0 0
BITMAP
80
A0
40
30
10
ENDCHAR
STARTCHAR 2407
ENCODING 9223
SWIDTH 571 0
DWIDTH 4 0
BBX 4 6 0 0
BITMAP
80
80
20
20
10
10
ENDCHAR
STARTCHAR 2408
ENCODING 9224
SWIDTH 571 0
DWIDTH 4 0
BBX 2 4 1 0
BITMAP
80
80
40
40
ENDCHAR
STARTCHAR 2409
ENCODING 9225
SWIDTH 571 0
DWIDTH 4 0
BBX 3 3 1 1
BITMAP
80
60
40
ENDCHAR
STARTCHAR 240A
ENCODING 9226
SWIDTH 571 0
DWIDTH 4 0
BBX 3 3 1 1
BITMAP
80
20
40
ENDCHAR
STARTCHAR 240B
ENCODING 9227
SWIDTH 571 0
DWIDTH 4 0
BBX 3 3 1 1
BITMAP
80
60
40
ENDCHAR
STARTCHAR 240C
ENCODING 9228
SWIDTH 571 0
DWIDTH 4 0
BBX 3 3 1 1
BITMAP
80
20
40
ENDCHAR
STARTCHAR 240D
ENCODING 9229
SWIDTH 571 0
DWIDTH 4 0
BBX 3 3 1 1
BITMAP
80
C0
60
ENDCHAR
STARTCHAR 240E
ENCODING 9230
SWIDTH 571 0
DWIDTH 4 0
BBX 2 4 1 0
BITMAP
80
80
40
40
ENDCHAR
STARTCHAR 240F
ENCODING 9231
SWIDTH 571 0
DWIDTH 4 0
BBX 2 4 1 1
BITMAP
80
80
C0
40
ENDCHAR
STARTCHAR 2410
ENCODING 9232
SWIDTH 571 0
DWIDTH 4 0
BBX 4 6 0 0
BITMAP
80
80
80
20
10
10
ENDCHAR
STARTCHAR 2411
ENCODING 9233
SWIDTH 571 0
DWIDTH 4 0
BBX 4 5 0 0
BITMAP
80
20
40
30
10
ENDCHAR
STARTCHAR 2412
ENCODING 9234
SWIDTH 571 0
DWIDTH 4 0
BBX 4 6 0 0
BITMAP
80
80
20
60
10
10
ENDCHAR
STARTCHAR 2413
ENCODING 9235
SWIDTH 571 0
DWIDTH 4 0
BBX 4 6 0 0
BITMAP
80
80
20
60
10
10
ENDCHAR
STARTCHAR 2414
ENCODING 9236
SWIDTH 571 0
DWIDTH 4 0
BBX 4 5 0 0
BITMAP
80
20
40
30
10
ENDCHAR
STARTCHAR 2415
ENCODING 9237
SWIDTH 571 0
DWIDTH 4 0
BBX 4 5 0 0
BITMAP
80
80
40
30
10
ENDCHAR
STARTCHAR 2416
ENCODING 9238
SWIDTH 571 0
DWIDTH 4 0
BBX 4 5 0 0
BITMAP
80
80
20
10
10
ENDCHAR
STARTCHAR 2417
ENCODING 9239
SWIDTH 571 0
DWIDTH 4 0
BBX 4 6 0 0
BITMAP
80
80
20
20
10
10
ENDCHAR
STARTCHAR 2418
ENCODING 9240
SWIDTH 571 0
DWIDTH 4 0
BBX 4 5 0 0
BITMAP
80
80
40
30
10
ENDCHAR
STARTCHAR 2419
ENCODING 9241
SWIDTH 571 0
DWIDTH 4 0
BBX 2 4 1 1
BITMAP
80
80
40
40
ENDCHAR
STARTCHAR 241A
ENCODING 9242
SWIDTH 571 0
DWIDTH 4 0
BBX 4 6 0 0
BITMAP
80
80
80
20
10
10
ENDCHAR
STARTCHAR 241B
ENCODING 9243
SWIDTH 571 0
DWIDTH 4 0
BBX 4 6 0 0
BITMAP
80
80
20
20
10
10
ENDCHAR
STARTCHAR 241C
ENCODING 9244
SWIDTH 571 0
DWIDTH 4 0
BBX 2 4 1 0
BITMAP
80
80
40
40
ENDCHAR
STARTCHAR 241D
ENCODING 9245
SWIDTH 571 0
DWIDTH 4 0
BBX 2 4 1 0
BITMAP
80
80
40
40
ENDCHAR
STARTCHAR 241E
ENCODING 9246
SWIDTH 571 0
DWIDTH 4 0
BBX 2 4 1 0
BITMAP
80
80
40
40
ENDCHAR
STARTCHAR 241F
ENCODING 9247
SWIDTH 571 0
DWIDTH 4 0
BBX 2 3 1 0
BITMAP
80
40
40
ENDCHAR
STARTCHAR 2420
ENCODING 9248
SWIDTH 571 0
DWIDTH 4 0
BBX 3 3 1 1
BITMAP
80
60
40
ENDCHAR
STARTCHAR 2421
ENCODING 9249
SWIDTH 571 0
DWIDTH 4 0
BBX 4 6 0 0
BITMAP
80
80
20
20
10
10
ENDCHAR
STARTCHAR 2422
ENCODING 9250
SWIDTH 714 0
DWIDTH 5 0
BBX 4 6 0 0
BITMAP
40
60
F0
50
50
70
ENDCHAR
STARTCHAR 2423
ENCODING 9251
SWIDTH 714 0
DWIDTH 5 0
BBX 5 2 0 -2
BITMAP
88
F8
ENDCHAR
STARTCHAR 2424
ENCODING 9252
SWIDTH 571 0
DWIDTH 4 0
BBX 3 4 1 0
BITMAP
80
80
40
20
ENDCHAR
STARTCHAR 2425
ENCODING 9253
SWIDTH 857 0
DWIDTH 6 0
BBX 5 5 0 0
BITMAP
18
38
68
D0
E0
ENDCHAR
STARTCHAR 2426
ENCODING 9254
SWIDTH 428 0
DWIDTH 3 0
BBX 3 5 0 0
BITMAP
60
80
40
40
40
ENDCHAR
STARTCHAR 2440
ENCODING 9280
SWIDTH 571 0
DWIDTH 4 0
BBX 3 4 0 0
BITMAP
20
60
C0
C0
ENDCHAR
STARTCHAR 2441
ENCODING 9281
SWIDTH 571 0
DWIDTH 4 0
BBX 3 3 0 0
BITMAP
20
E0
A0
ENDCHAR
STARTCHAR 2442
ENCODING 9282
SWIDTH 571 0
DWIDTH 4 0
BBX 3 3 0 0
BITMAP
A0
E0
40
ENDCHAR
STARTCHAR 2443
ENCODING 9283
SWIDTH 571 0
DWIDTH 4 0
BBX 3 3 0 0
BITMAP
40
E0
A0
ENDCHAR
STARTCHAR 2444
ENCODING 9284
SWIDTH 571 0
DWIDTH 4 0
BBX 3 4 0 0
BITMAP
E0
E0
E0
E0
ENDCHAR
STARTCHAR 2445
ENCODING 9285
SWIDTH 571 0
DWIDTH 4 0
BBX 3 2 0 1
BITMAP
E0
A0
ENDCHAR
STARTCHAR 2446
ENCODING 9286
SWIDTH 571 0
DWIDTH 4 0
BBX 3 3 0 0
BITMAP
A0
80
A0
ENDCHAR
STARTCHAR 2447
ENCODING 9287
SWIDTH 571 0
DWIDTH 4 0
BBX 3 4 0 1
BITMAP
20
60
C0
80
ENDCHAR
STARTCHAR 2448
ENCODING 9288
SWIDTH 571 0
DWIDTH 4 0
BBX 3 3 0 1
BITMAP
20
E0
C0
ENDCHAR
STARTCHAR 2449
ENCODING 9289
SWIDTH 571 0
DWIDTH 4 0
BBX 3 2 0 1
BITMAP
E0
E0
ENDCHAR
STARTCHAR 244A
ENCODING 9290
SWIDTH 571 0
DWIDTH 4 0
BBX 3 5 0 0
BITMAP
80
C0
40
60
60
ENDCHAR
STARTCHAR 25A0
ENCODING 9632
SWIDTH 857 0
DWIDTH 6 0
BBX 5 5 0 0
BITMAP
F8
F8
F8
F8
F8
ENDCHAR
STARTCHAR 25A1
ENCODING 9633
SWIDTH 857 0
DWIDTH 6 0
BBX 5 6 0 0
BITMAP
F8
88
88
88
88
F8
ENDCHAR
STARTCHAR 25A2
ENCODING 9634
SWIDTH 857 0
DWIDTH 6 0
BBX 6 6 0 0
BITMAP
78
84
84
84
84
78
ENDCHAR
STARTCHAR 25A3
ENCODING 9635
SWIDTH 857 0
DWIDTH 6 0
BBX 5 6 0 0
BITMAP
F8
88
B8
B8
88
F8
ENDCHAR
STARTCHAR 25A4
ENCODING 9636
SWIDTH 857 0
DWIDTH 6 0
BBX 5 6 0 0
BITMAP
F8
F8
88
F8
F8
F8
ENDCHAR
STARTCHAR 25A5
ENCODING 9637
SWIDTH 857 0
DWIDTH 6 0
BBX 5 6 0 0
BITMAP
F8
E8
E8
E8
E8
F8
ENDCHAR
STARTCHAR 25A6
ENCODING 9638
SWIDTH 857 0
DWIDTH 6 0
BBX 5 6 0 0
BITMAP
F8
F8
E8
F8
F8
F8
ENDCHAR
STARTCHAR 25A7
ENCODING 9639
SWIDTH 857 0
DWIDTH 6 0
BBX 5 6 0 0
BITMAP
F8
D8
A8
D8
A8
F8
ENDCHAR
STARTCHAR 25A8
ENCODING 9640
SWIDTH 857 0
DWIDTH 6 0
BBX 5 6 0 0
BITMAP
F8
A8
D8
A8
D8
F8
ENDCHAR
STARTCHAR 25A9
ENCODING 9641
SWIDTH 857 0
DWIDTH 6 0
BBX 5 6 0 0
BITMAP
F8
E8
B8
F8
E8
F8
ENDCHAR
STARTCHAR 25AA
ENCODING 9642
SWIDTH 285 0
DWIDTH 2 0
BBX 2 2 0 2
BITMAP
C0
C0
ENDCHAR
STARTCHAR 25AB
ENCODING 9643
SWIDTH 285 0
DWIDTH 2 0
BBX 2 3 0 1
BITMAP
C0
C0
C0
ENDCHAR
STARTCHAR 25AC
ENCODING 9644
SWIDTH 1000 0
DWIDTH 7 0
BBX 7 2 0 0
BITMAP
FE
FE
ENDCHAR
STARTCHAR 25AD
ENCODING 9645
SWIDTH 1000 0
DWIDTH 7 0
BBX 7 3 0 0
BITMAP
FE
82
FE
ENDCHAR
STARTCHAR 25AE
ENCODING 9646
SWIDTH 1000 0
DWIDTH 7 0
BBX 3 7 2 -2
BITMAP
E0
E0
E0
E0
E0
E0
E0
ENDCHAR
STARTCHAR 25AF
ENCODING 9647
SWIDTH 1000 0
DWIDTH 7 0
BBX 3 8 2 -2
BITMAP
E0
A0
A0
A0
A0
A0
A0
E0
ENDCHAR
STARTCHAR 25B0
ENCODING 9648
SWIDTH 1000 0
DWIDTH 7 0
BBX 7 2 0 0
BITMAP
FE
FE
ENDCHAR
STARTCHAR 25B1
ENCODING 9649
SWIDTH 1000 0
DWIDTH 7 0
BBX 7 3 0 0
BITMAP
FE
82
FE
ENDCHAR
STARTCHAR 25B2
ENCODING 9650
SWIDTH 857 0
DWIDTH 6 0
BBX 6 5 0 0
BITMAP
10
30
38
78
FC
ENDCHAR
STARTCHAR 25B3
ENCODING 9651
SWIDTH 857 0
DWIDTH 6 0
BBX 6 5 0 0
BITMAP
10
28
48
44
FC
ENDCHAR
STARTCHAR 25B4
ENCODING 9652
SWIDTH 428 0
DWIDTH 3 0
BBX 2 2 0 1
BITMAP
40
C0
ENDCHAR
STARTCHAR 25B5
ENCODING 9653
SWIDTH 428 0
DWIDTH 3 0
BBX 2 2 0 1
BITMAP
40
C0
ENDCHAR
STARTCHAR 25B6
ENCODING 9654
SWIDTH 857 0
DWIDTH 6 0
BBX 5 5 0 0
BITMAP
C0
E0
F8
F0
C0
ENDCHAR
STARTCHAR 25B7
ENCODING 9655
SWIDTH 857 0
DWIDTH 6 0
BBX 5 5 0 0
BITMAP
C0
B0
88
B0
C0
ENDCHAR
STARTCHAR 25B8
ENCODING 9656
SWIDTH 428 0
DWIDTH 3 0
BBX 2 2 0 1
BITMAP
C0
80
ENDCHAR
STARTCHAR 25B9
ENCODING 9657
SWIDTH 428 0
DWIDTH 3 0
BBX 2 2 0 1
BITMAP
C0
80
ENDCHAR
STARTCHAR 25BA
ENCODING 9658
SWIDTH 714 0
DWIDTH 5 0
BBX 5 2 0 1
BITMAP
F8
C0
ENDCHAR
STARTCHAR 25BB
ENCODING 9659
SWIDTH 714 0
DWIDTH 5 0
BBX 5 2 0 1
BITMAP
F8
E0
ENDCHAR
STARTCHAR 25BC
ENCODING 9660
SWIDTH 857 0
DWIDTH 6 0
BBX 6 5 0 0
BITMAP
FC
78
38
30
10
ENDCHAR
STARTCHAR 25BD
ENCODING 9661
SWIDTH 857 0
DWIDTH 6 0
BBX 6 5 0 0
BITMAP
FC
44
48
28
10
ENDCHAR
STARTCHAR 25BE
ENCODING 9662
SWIDTH 428 0
DWIDTH 3 0
BBX 2 2 0 1
BITMAP
C0
40
ENDCHAR
STARTCHAR 25BF
ENCODING 9663
SWIDTH 428 0
DWIDTH 3 0
BBX 2 2 0 2
BITMAP
C0
40
ENDCHAR
STARTCHAR 25C0
ENCODING 9664
SWIDTH 857 0
DWIDTH 6 0
BBX 5 5 0 0
BITMAP
08
38
F8
38
08
ENDCHAR
STARTCHAR 25C1
ENCODING 9665
SWIDTH 857 0
DWIDTH 6 0
BBX 5 5 0 0
BITMAP
18
28
C8
68
18
ENDCHAR
STARTCHAR 25C2
ENCODING 9666
SWIDTH 428 0
DWIDTH 3 0
BBX 2 2 0 1
BITMAP
C0
40
ENDCHAR
STARTCHAR 25C3
ENCODING 9667
SWIDTH 428 0
DWIDTH 3 0
BBX 2 2 0 1
BITMAP
C0
40
ENDCHAR
STARTCHAR 25C4
ENCODING 9668
SWIDTH 714 0
DWIDTH 5 0
BBX 5 2 0 1
BITMAP
F8
18
ENDCHAR
STARTCHAR 25C5
ENCODING 9669
SWIDTH 714 0
DWIDTH 5 0
BBX 5 2 0 1
BITMAP
F8
38
ENDCHAR
STARTCHAR 25C6
ENCODING 9670
SWIDTH 1142 0
DWIDTH 8 0
BBX 7 7 0 -1
BITMAP
10
38
7C
FE
7C
38
10
ENDCHAR
STARTCHAR 25C7
ENCODING 9671
SWIDTH 1142 0
DWIDTH 8 0
BBX 7 7 0 -1
BITMAP
18
24
42
82
42
24
18
ENDCHAR
STARTCHAR 25C8
ENCODING 9672
SWIDTH 1142 0
DWIDTH 8 0
BBX 7 7 0 -1
BITMAP
18
24
52
BA
52
24
18
ENDCHAR
STARTCHAR 25C9
ENCODING 9673
SWIDTH 857 0
DWIDTH 6 0
BBX 6 6 0 0
BITMAP
38
74
FC
FC
74
38
ENDCHAR
STARTCHAR 25CA
ENCODING 9674
SWIDTH 714 0
DWIDTH 5 0
BBX 5 7 0 -1
BITMAP
20
50
50
88
50
50
20
ENDCHAR
STARTCHAR 25CB
ENCODING 9675
SWIDTH 857 0
DWIDTH 6 0
BBX 6 6 0 -1
BITMAP
38
44
84
84
44
38
ENDCHAR
STARTCHAR 25CC
ENCODING 9676
SWIDTH 857 0
DWIDTH 6 0
BBX 6 6 0 0
BITMAP
28
48
84
84
48
28
ENDCHAR
STARTCHAR 25CD
ENCODING 9677
SWIDTH 857 0
DWIDTH 6 0
BBX 6 6 0 0
BITMAP
10
68
F4
F4
74
78
ENDCHAR
STARTCHAR 25CE
ENCODING 9678
SWIDTH 857 0
DWIDTH 6 0
BBX 6 6 0 0
BITMAP
38
74
CC
CC
74
38
ENDCHAR
STARTCHAR 25CF
ENCODING 9679
SWIDTH 857 0
DWIDTH 6 0
BBX 6 6 0 0
BITMAP
10
78
FC
FC
7C
38
ENDCHAR
STARTCHAR 25D0
ENCODING 9680
SWIDTH 857 0
DWIDTH 6 0
BBX 6 6 0 -1
BITMAP
38
64
E4
E4
64
38
ENDCHAR
STARTCHAR 25D1
ENCODING 9681
SWIDTH 857 0
DWIDTH 6 0
BBX 6 6 0 -1
BITMAP
30
58
9C
9C
58
30
ENDCHAR
STARTCHAR 25D2
ENCODING 9682
SWIDTH 857 0
DWIDTH 6 0
BBX 6 6 0 0
BITMAP
38
44
84
FC
78
30
ENDCHAR
STARTCHAR 25D3
ENCODING 9683
SWIDTH 857 0
DWIDTH 6 0
BBX 6 6 0 -1
BITMAP
38
7C
FC
84
44
38
ENDCHAR
STARTCHAR 25D4
ENCODING 9684
SWIDTH 857 0
DWIDTH 6 0
BBX 6 6 0 -1
BITMAP
30
58
9C
84
44
38
ENDCHAR
STARTCHAR 25D5
ENCODING 9685
SWIDTH 857 0
DWIDTH 6 0
BBX 6 6 0 0
BITMAP
30
58
9C
FC
78
30
ENDCHAR
STARTCHAR 25D6
ENCODING 9686
SWIDTH 428 0
DWIDTH 3 0
BBX 3 6 0 0
BITMAP
20
60
E0
E0
60
20
ENDCHAR
STARTCHAR 25D7
ENCODING 9687
SWIDTH 428 0
DWIDTH 3 0
BBX 3 6 0 0
BITMAP
80
C0
E0
E0
E0
C0
ENDCHAR
STARTCHAR 25D8
ENCODING 9688
SWIDTH 571 0
DWIDTH 4 0
BBX 4 4 0 1
BITMAP
F0
90
90
F0
ENDCHAR
STARTCHAR 25D9
ENCODING 9689
SWIDTH 857 0
DWIDTH 6 0
BBX 6 6 0 -1
BITMAP
FC
BC
FC
FC
B4
FC
ENDCHAR
STARTCHAR 25DA
ENCODING 9690
SWIDTH 857 0
DWIDTH 6 0
BBX 6 3 0 3
BITMAP
FC
B4
FC
ENDCHAR
STARTCHAR 25DB
ENCODING 9691
SWIDTH 857 0
DWIDTH 6 0
BBX 6 3 0 -1
BITMAP
FC
BC
FC
ENDCHAR
STARTCHAR 25DC
ENCODING 9692
SWIDTH 857 0
DWIDTH 6 0
BBX 3 3 0 3
BITMAP
20
40
80
ENDCHAR
STARTCHAR 25DD
ENCODING 9693
SWIDTH 857 0
DWIDTH 6 0
BBX 3 3 3 3
BITMAP
C0
20
20
ENDCHAR
STARTCHAR 25DE
ENCODING 9694
SWIDTH 857 0
DWIDTH 6 0
BBX 3 3 3 -1
BITMAP
20
20
C0
ENDCHAR
STARTCHAR 25DF
ENCODING 9695
SWIDTH 857 0
DWIDTH 6 0
BBX 3 3 0 -1
BITMAP
80
40
20
ENDCHAR
STARTCHAR 25E0
ENCODING 9696
SWIDTH 857 0
DWIDTH 6 0
BBX 6 3 0 3
BITMAP
38
44
84
ENDCHAR
STARTCHAR 25E1
ENCODING 9697
SWIDTH 857 0
DWIDTH 6 0
BBX 6 3 0 -1
BITMAP
84
44
38
ENDCHAR
STARTCHAR 25E2
ENCODING 9698
SWIDTH 714 0
DWIDTH 5 0
BBX 5 4 0 0
BITMAP
08
18
38
F8
ENDCHAR
STARTCHAR 25E3
ENCODING 9699
SWIDTH 714 0
DWIDTH 5 0
BBX 5 4 0 0
BITMAP
80
C0
E0
F8
ENDCHAR
STARTCHAR 25E4
ENCODING 9700
SWIDTH 714 0
DWIDTH 5 0
BBX 5 4 0 1
BITMAP
F8
E0
C0
80
ENDCHAR
STARTCHAR 25E5
ENCODING 9701
SWIDTH 714 0
DWIDTH 5 0
BBX 5 4 0 1
BITMAP
F8
38
18
08
ENDCHAR
STARTCHAR 25E6
ENCODING 9702
SWIDTH 285 0
DWIDTH 2 0
BBX 2 2 0 1
BITMAP
40
C0
ENDCHAR
STARTCHAR 25E7
ENCODING 9703
SWIDTH 714 0
DWIDTH 5 0
BBX 5 5 0 0
BITMAP
F8
C8
C8
C8
F8
ENDCHAR
STARTCHAR 25E8
ENCODING 9704
SWIDTH 714 0
DWIDTH 5 0
BBX 5 5 0 0
BITMAP
F8
B8
B8
B8
F8
ENDCHAR
STARTCHAR 25E9
ENCODING 9705
SWIDTH 714 0
DWIDTH 5 0
BBX 5 4 0 0
BITMAP
F8
E8
C8
F8
ENDCHAR
STARTCHAR 25EA
ENCODING 9706
SWIDTH 714 0
DWIDTH 5 0
BBX 5 5 0 0
BITMAP
F8
98
B8
F8
F8
ENDCHAR
STARTCHAR 25EB
ENCODING 9707
SWIDTH 714 0
DWIDTH 5 0
BBX 5 5 0 0
BITMAP
F8
A8
A8
A8
F8
ENDCHAR
STARTCHAR 25EC
ENCODING 9708
SWIDTH 714 0
DWIDTH 5 0
BBX 4 4 0 0
BITMAP
20
50
70
F0
ENDCHAR
STARTCHAR 25ED
ENCODING 9709
SWIDTH 714 0
DWIDTH 5 0
BBX 4 4 0 0
BITMAP
20
50
50
F0
ENDCHAR
STARTCHAR 25EE
ENCODING 9710
SWIDTH 714 0
DWIDTH 5 0
BBX 4 4 0 0
BITMAP
20
60
70
F0
ENDCHAR
STARTCHAR 25EF
ENCODING 9711
SWIDTH 1142 0
DWIDTH 8 0
BBX 7 8 0 -1
BITMAP
3C
42
82
82
82
82
42
3C
ENDCHAR
STARTCHAR 25F0
ENCODING 9712
SWIDTH 714 0
DWIDTH 5 0
BBX 4 5 1 0
BITMAP
F0
D0
D0
90
F0
ENDCHAR
STARTCHAR 25F1
ENCODING 9713
SWIDTH 714 0
DWIDTH 5 0
BBX 4 5 1 0
BITMAP
F0
90
D0
D0
F0
ENDCHAR
STARTCHAR 25F2
ENCODING 9714
SWIDTH 714 0
DWIDTH 5 0
BBX 4 5 1 0
BITMAP
F0
90
F0
D0
F0
ENDCHAR
STARTCHAR 25F3
ENCODING 9715
SWIDTH 714 0
DWIDTH 5 0
BBX 4 5 1 0
BITMAP
F0
D0
F0
90
F0
ENDCHAR
STARTCHAR 25F4
ENCODING 9716
SWIDTH 714 0
DWIDTH 5 0
BBX 5 5 0 0
BITMAP
70
A8
E8
88
70
ENDCHAR
STARTCHAR 25F5
ENCODING 9717
SWIDTH 714 0
DWIDTH 5 0
BBX 5 5 0 0
BITMAP
70
88
E8
A8
70
ENDCHAR
STARTCHAR 25F6
ENCODING 9718
SWIDTH 714 0
DWIDTH 5 0
BBX 5 5 0 0
BITMAP
70
88
B8
A8
70
ENDCHAR
STARTCHAR 25F7
ENCODING 9719
SWIDTH 714 0
DWIDTH 5 0
BBX 5 5 0 0
BITMAP
70
A8
B8
88
70
ENDCHAR
STARTCHAR 25F8
ENCODING 9720
SWIDTH 714 0
DWIDTH 5 0
BBX 5 5 0 0
BITMAP
F8
90
A0
C0
80
ENDCHAR
STARTCHAR 25F9
ENCODING 9721
SWIDTH 714 0
DWIDTH 5 0
BBX 5 5 0 0
BITMAP
F8
48
28
18
08
ENDCHAR
STARTCHAR 25FA
ENCODING 9722
SWIDTH 714 0
DWIDTH 5 0
BBX 5 5 0 0
BITMAP
80
C0
A0
90
F8
ENDCHAR
STARTCHAR 25FB
ENCODING 9723
SWIDTH 714 0
DWIDTH 5 0
BBX 5 5 0 0
BITMAP
F8
88
88
88
F8
ENDCHAR
STARTCHAR 25FC
ENCODING 9724
SWIDTH 714 0
DWIDTH 5 0
BBX 5 5 0 0
BITMAP
F8
F8
F8
F8
F8
ENDCHAR
STARTCHAR 25FD
ENCODING 9725
SWIDTH 571 0
DWIDTH 4 0
BBX 3 4 0 1
BITMAP
E0
A0
A0
E0
ENDCHAR
STARTCHAR 25FE
ENCODING 9726
SWIDTH 571 0
DWIDTH 4 0
BBX 3 3 0 1
BITMAP
E0
E0
E0
ENDCHAR
STARTCHAR 25FF
ENCODING 9727
SWIDTH 714 0
DWIDTH 5 0
BBX 5 5 0 0
BITMAP
08
18
28
48
F8
ENDCHAR
STARTCHAR 2600
ENCODING 9728
SWIDTH 857 0
DWIDTH 6 0
BBX 6 5 0 -1
BITMAP
50
38
F4
38
50
ENDCHAR
STARTCHAR 2601
ENCODING 9729
SWIDTH 1000 0
DWIDTH 7 0
BBX 7 4 0 1
BITMAP
20
7C
FE
7E
ENDCHAR
STARTCHAR 2602
ENCODING 9730
SWIDTH 857 0
DWIDTH 6 0
BBX 5 5 0 0
BITMAP
20
78
A0
20
20
ENDCHAR
STARTCHAR 2603
ENCODING 9731
SWIDTH 857 0
DWIDTH 6 0
BBX 6 6 0 -1
BITMAP
AC
FC
AC
48
48
30
ENDCHAR
STARTCHAR 2604
ENCODING 9732
SWIDTH 857 0
DWIDTH 6 0
BBX 6 7 0 0
BITMAP
04
1C
38
70
90
90
60
ENDCHAR
STARTCHAR 2605
ENCODING 9733
SWIDTH 1000 0
DWIDTH 7 0
BBX 6 5 0 0
BITMAP
10
10
FC
38
68
ENDCHAR
STARTCHAR 2606
ENCODING 9734
SWIDTH 1000 0
DWIDTH 7 0
BBX 7 6 0 0
BITMAP
10
10
EE
28
38
44
ENDCHAR
STARTCHAR 2607
ENCODING 9735
SWIDTH 428 0
DWIDTH 3 0
BBX 3 5 0 0
BITMAP
20
40
80
60
60
ENDCHAR
STARTCHAR 2608
ENCODING 9736
SWIDTH 714 0
DWIDTH 5 0
BBX 5 5 0 0
BITMAP
F0
90
A0
98
98
ENDCHAR
STARTCHAR 2609
ENCODING 9737
SWIDTH 857 0
DWIDTH 6 0
BBX 6 6 0 -1
BITMAP
38
44
B4
84
44
38
ENDCHAR
STARTCHAR 260E
ENCODING 9742
SWIDTH 857 0
DWIDTH 6 0
BBX 6 4 0 0
BITMAP
78
EC
48
78
ENDCHAR
STARTCHAR 260F
ENCODING 9743
SWIDTH 857 0
DWIDTH 6 0
BBX 6 5 0 0
BITMAP
30
FC
CC
74
68
ENDCHAR
STARTCHAR 2610
ENCODING 9744
SWIDTH 857 0
DWIDTH 6 0
BBX 5 6 0 0
BITMAP
F8
88
88
88
88
F8
ENDCHAR
STARTCHAR 2611
ENCODING 9745
SWIDTH 857 0
DWIDTH 6 0
BBX 5 6 0 0
BITMAP
F8
88
98
E8
A8
F8
ENDCHAR
STARTCHAR 2612
ENCODING 9746
SWIDTH 857 0
DWIDTH 6 0
BBX 5 6 0 0
BITMAP
F8
C8
B8
B8
C8
F8
ENDCHAR
STARTCHAR 2614
ENCODING 9748
SWIDTH 1000 0
DWIDTH 7 0
BBX 6 6 0 0
BITMAP
5C
AC
78
14
10
20
ENDCHAR
STARTCHAR 2615
ENCODING 9749
SWIDTH 857 0
DWIDTH 6 0
BBX 6 6 0 0
BITMAP
50
30
70
9C
98
60
ENDCHAR
STARTCHAR 2616
ENCODING 9750
SWIDTH 571 0
DWIDTH 4 0
BBX 4 4 0 0
BITMAP
60
90
90
F0
ENDCHAR
STARTCHAR 2617
ENCODING 9751
SWIDTH 571 0
DWIDTH 4 0
BBX 4 4 0 0
BITMAP
20
70
70
F0
ENDCHAR
STARTCHAR 2618
ENCODING 9752
SWIDTH 857 0
DWIDTH 6 0
BBX 6 5 0 0
BITMAP
38
74
EC
DC
20
ENDCHAR
STARTCHAR 2619
ENCODING 9753
SWIDTH 857 0
DWIDTH 6 0
BBX 6 5 0 -1
BITMAP
2C
74
FC
78
04
ENDCHAR
STARTCHAR 261A
ENCODING 9754
SWIDTH 1285 0
DWIDTH 9 0
BBX 8 4 0 0
BITMAP
FF
3F
1F
1D
ENDCHAR
STARTCHAR 261B
ENCODING 9755
SWIDTH 1285 0
DWIDTH 9 0
BBX 8 4 0 0
BITMAP
7F
FC
FC
78
ENDCHAR
STARTCHAR 261C
ENCODING 9756
SWIDTH 1285 0
DWIDTH 9 0
BBX 8 5 0 -1
BITMAP
3D
FB
2D
1B
1C
ENDCHAR
STARTCHAR 261D
ENCODING 9757
SWIDTH 857 0
DWIDTH 6 0
BBX 4 9 1 -1
BITMAP
20
20
60
A0
F0
B0
D0
E0
E0
ENDCHAR
STARTCHAR 261E
ENCODING 9758
SWIDTH 1285 0
DWIDTH 9 0
BBX 8 5 0 -1
BITMAP
10
6F
B2
EC
18
ENDCHAR
STARTCHAR 261F
ENCODING 9759
SWIDTH 857 0
DWIDTH 6 0
BBX 4 9 1 -1
BITMAP
E0
E0
90
F0
F0
B0
50
20
20
ENDCHAR
STARTCHAR 2620
ENCODING 9760
SWIDTH 857 0
DWIDTH 6 0
BBX 6 6 0 -1
BITMAP
F4
78
28
30
5C
68
ENDCHAR
STARTCHAR 2621
ENCODING 9761
SWIDTH 714 0
DWIDTH 5 0
BBX 4 6 0 0
BITMAP
F0
10
20
40
40
70
ENDCHAR
STARTCHAR 2622
ENCODING 9762
SWIDTH 857 0
DWIDTH 6 0
BBX 6 6 0 0
BITMAP
30
48
FC
84
78
30
ENDCHAR
STARTCHAR 2623
ENCODING 9763
SWIDTH 857 0
DWIDTH 6 0
BBX 6 5 0 0
BITMAP
68
78
B4
10
68
ENDCHAR
STARTCHAR 2630
ENCODING 9776
SWIDTH 1000 0
DWIDTH 7 0
BBX 5 4 1 0
BITMAP
F8
F8
00
F8
ENDCHAR
STARTCHAR 2631
ENCODING 9777
SWIDTH 1000 0
DWIDTH 7 0
BBX 5 4 1 0
BITMAP
D8
F8
00
F8
ENDCHAR
STARTCHAR 2632
ENCODING 9778
SWIDTH 1000 0
DWIDTH 7 0
BBX 5 4 1 0
BITMAP
F8
D8
00
F8
ENDCHAR
STARTCHAR 2633
ENCODING 9779
SWIDTH 1000 0
DWIDTH 7 0
BBX 5 4 1 0
BITMAP
D8
D8
00
F8
ENDCHAR
STARTCHAR 2634
ENCODING 9780
SWIDTH 1000 0
DWIDTH 7 0
BBX 5 4 1 0
BITMAP
F8
F8
00
D8
ENDCHAR
STARTCHAR 2635
ENCODING 9781
SWIDTH 1000 0
DWIDTH 7 0
BBX 5 4 1 0
BITMAP
D8
F8
00
D8
ENDCHAR
STARTCHAR 2636
ENCODING 9782
SWIDTH 1000 0
DWIDTH 7 0
BBX 5 4 1 0
BITMAP
F8
D8
00
D8
ENDCHAR
STARTCHAR 2637
ENCODING 9783
SWIDTH 1000 0
DWIDTH 7 0
BBX 5 4 1 0
BITMAP
D8
D8
00
D8
ENDCHAR
STARTCHAR 263C
ENCODING 9788
SWIDTH 1285 0
DWIDTH 9 0
BBX 7 6 1 0
BITMAP
10
54
28
A6
5C
10
ENDCHAR
STARTCHAR 2654
ENCODING 9812
SWIDTH 1000 0
DWIDTH 7 0
BBX 5 6 1 -1
BITMAP
20
50
A8
70
70
20
ENDCHAR
STARTCHAR 2655
ENCODING 9813
SWIDTH 1000 0
DWIDTH 7 0
BBX 5 6 1 -1
BITMAP
F8
D8
50
70
70
20
ENDCHAR
STARTCHAR 2656
ENCODING 9814
SWIDTH 1000 0
DWIDTH 7 0
BBX 5 6 1 0
BITMAP
70
70
50
50
70
F8
ENDCHAR
STARTCHAR 2657
ENCODING 9815
SWIDTH 1000 0
DWIDTH 7 0
BBX 5 6 1 0
BITMAP
20
20
70
20
70
D8
ENDCHAR
STARTCHAR 2658
ENCODING 9816
SWIDTH 1000 0
DWIDTH 7 0
BBX 5 6 1 0
BITMAP
20
50
50
E8
A8
78
ENDCHAR
STARTCHAR 2659
ENCODING 9817
SWIDTH 1000 0
DWIDTH 7 0
BBX 5 6 1 0
BITMAP
20
60
50
50
88
F8
ENDCHAR
STARTCHAR 265A
ENCODING 9818
SWIDTH 1000 0
DWIDTH 7 0
BBX 5 6 1 0
BITMAP
20
70
D8
70
70
70
ENDCHAR
STARTCHAR 265B
ENCODING 9819
SWIDTH 1000 0
DWIDTH 7 0
BBX 5 6 1 0
BITMAP
70
F8
70
70
70
70
ENDCHAR
STARTCHAR 265C
ENCODING 9820
SWIDTH 1000 0
DWIDTH 7 0
BBX 5 6 1 0
BITMAP
70
70
70
70
70
F8
ENDCHAR
STARTCHAR 265D
ENCODING 9821
SWIDTH 1000 0
DWIDTH 7 0
BBX 5 5 1 0
BITMAP
20
50
20
70
F8
ENDCHAR
STARTCHAR 265E
ENCODING 9822
SWIDTH 1000 0
DWIDTH 7 0
BBX 5 5 1 0
BITMAP
60
70
D8
38
78
ENDCHAR
STARTCHAR 265F
ENCODING 9823
SWIDTH 1000 0
DWIDTH 7 0
BBX 5 6 1 0
BITMAP
20
20
70
70
F8
F8
ENDCHAR
STARTCHAR 2660
ENCODING 9824
SWIDTH 714 0
DWIDTH 5 0
BBX 5 5 0 0
BITMAP
20
70
F8
70
70
ENDCHAR
STARTCHAR 2661
ENCODING 9825
SWIDTH 714 0
DWIDTH 5 0
BBX 5 5 0 0
BITMAP
50
A8
88
50
20
ENDCHAR
STARTCHAR 2662
ENCODING 9826
SWIDTH 571 0
DWIDTH 4 0
BBX 4 5 0 0
BITMAP
20
60
90
60
20
ENDCHAR
STARTCHAR 2663
ENCODING 9827
SWIDTH 857 0
DWIDTH 6 0
BBX 6 6 0 0
BITMAP
30
30
78
FC
68
78
ENDCHAR
STARTCHAR 2664
ENCODING 9828
SWIDTH 714 0
DWIDTH 5 0
BBX 5 5 0 0
BITMAP
20
50
88
50
70
ENDCHAR
STARTCHAR 2665
ENCODING 9829
SWIDTH 714 0
DWIDTH 5 0
BBX 5 5 0 0
BITMAP
58
F8
70
30
20
ENDCHAR
STARTCHAR 2666
ENCODING 9830
SWIDTH 571 0
DWIDTH 4 0
BBX 4 5 0 0
BITMAP
20
60
F0
60
20
ENDCHAR
STARTCHAR 2667
ENCODING 9831
SWIDTH 857 0
DWIDTH 6 0
BBX 6 6 0 0
BITMAP
30
48
48
84
78
78
ENDCHAR
STARTCHAR 2668
ENCODING 9832
SWIDTH 857 0
DWIDTH 6 0
BBX 5 5 0 0
BITMAP
70
70
70
F8
78
ENDCHAR
STARTCHAR 267F
ENCODING 9855
SWIDTH 714 0
DWIDTH 5 0
BBX 5 6 0 0
BITMAP
40
40
60
F0
98
60
ENDCHAR
STARTCHAR 2680
ENCODING 9856
SWIDTH 714 0
DWIDTH 5 0
BBX 5 5 0 0
BITMAP
F8
88
A8
88
F8
ENDCHAR
STARTCHAR 2681
ENCODING 9857
SWIDTH 714 0
DWIDTH 5 0
BBX 5 5 0 0
BITMAP
F8
C8
88
98
F8
ENDCHAR
STARTCHAR 2682
ENCODING 9858
SWIDTH 714 0
DWIDTH 5 0
BBX 5 5 0 0
BITMAP
F8
C8
A8
98
F8
ENDCHAR
STARTCHAR 2683
ENCODING 9859
SWIDTH 714 0
DWIDTH 5 0
BBX 5 5 0 0
BITMAP
F8
D8
88
D8
F8
ENDCHAR
STARTCHAR 2684
ENCODING 9860
SWIDTH 714 0
DWIDTH 5 0
BBX 5 5 0 0
BITMAP
F8
D8
A8
D8
F8
ENDCHAR
STARTCHAR 2685
ENCODING 9861
SWIDTH 714 0
DWIDTH 5 0
BBX 5 5 0 0
BITMAP
F8
D8
D8
D8
F8
ENDCHAR
STARTCHAR 2686
ENCODING 9862
SWIDTH 857 0
DWIDTH 6 0
BBX 5 5 0 0
BITMAP
70
88
98
88
70
ENDCHAR
STARTCHAR 2687
ENCODING 9863
SWIDTH 857 0
DWIDTH 6 0
BBX 5 5 0 0
BITMAP
70
88
D8
88
70
ENDCHAR
STARTCHAR 2688
ENCODING 9864
SWIDTH 857 0
DWIDTH 6 0
BBX 5 5 0 0
BITMAP
70
78
E8
78
70
ENDCHAR
STARTCHAR 2689
ENCODING 9865
SWIDTH 857 0
DWIDTH 6 0
BBX 5 5 0 0
BITMAP
70
78
A8
78
70
ENDCHAR
STARTCHAR 268A
ENCODING 9866
SWIDTH 1000 0
DWIDTH 7 0
BBX 5 1 1 2
BITMAP
F8
ENDCHAR
STARTCHAR 268B
ENCODING 9867
SWIDTH 1000 0
DWIDTH 7 0
BBX 5 1 1 2
BITMAP
D8
ENDCHAR
STARTCHAR 268C
ENCODING 9868
SWIDTH 1000 0
DWIDTH 7 0
BBX 5 3 1 1
BITMAP
F8
00
F8
ENDCHAR
STARTCHAR 268D
ENCODING 9869
SWIDTH 1000 0
DWIDTH 7 0
BBX 5 3 1 1
BITMAP
D8
00
F8
ENDCHAR
STARTCHAR 268E
ENCODING 9870
SWIDTH 1000 0
DWIDTH 7 0
BBX 5 3 1 1
BITMAP
F8
00
D8
ENDCHAR
STARTCHAR 268F
ENCODING 9871
SWIDTH 1000 0
DWIDTH 7 0
BBX 5 3 1 1
BITMAP
D8
00
D8
ENDCHAR
STARTCHAR 269E
ENCODING 9886
SWIDTH 714 0
DWIDTH 5 0
BBX 5 5 0 0
BITMAP
60
18
F8
10
60
ENDCHAR
STARTCHAR 269F
ENCODING 9887
SWIDTH 714 0
DWIDTH 5 0
BBX 5 5 0 0
BITMAP
30
C0
78
C0
30
ENDCHAR
STARTCHAR 26A0
ENCODING 9888
SWIDTH 857 0
DWIDTH 6 0
BBX 6 5 0 0
BITMAP
10
28
58
54
FC
ENDCHAR
STARTCHAR 26A1
ENCODING 9889
SWIDTH 714 0
DWIDTH 5 0
BBX 4 5 0 0
BITMAP
10
20
70
20
C0
ENDCHAR
STARTCHAR 26AA
ENCODING 9898
SWIDTH 1000 0
DWIDTH 7 0
BBX 5 7 1 -1
BITMAP
70
88
88
88
88
88
70
ENDCHAR
STARTCHAR 26AB
ENCODING 9899
SWIDTH 1000 0
DWIDTH 7 0
BBX 5 6 1 0
BITMAP
70
F8
F8
F8
F8
70
ENDCHAR
STARTCHAR 26AC
ENCODING 9900
SWIDTH 571 0
DWIDTH 4 0
BBX 3 4 0 1
BITMAP
40
A0
A0
40
ENDCHAR
STARTCHAR 26BD
ENCODING 9917
SWIDTH 857 0
DWIDTH 6 0
BBX 6 6 0 0
BITMAP
78
B4
CC
CC
78
30
ENDCHAR
STARTCHAR 26BE
ENCODING 9918
SWIDTH 857 0
DWIDTH 6 0
BBX 6 6 0 0
BITMAP
30
FC
B4
B4
B4
78
ENDCHAR
STARTCHAR 26BF
ENCODING 9919
SWIDTH 857 0
DWIDTH 6 0
BBX 5 6 0 0
BITMAP
F8
B8
B8
A8
98
F8
ENDCHAR
STARTCHAR 26C0
ENCODING 9920
SWIDTH 1000 0
DWIDTH 7 0
BBX 6 5 0 0
BITMAP
78
B4
FC
DC
78
ENDCHAR
STARTCHAR 26C1
ENCODING 9921
SWIDTH 1000 0
DWIDTH 7 0
BBX 6 6 0 0
BITMAP
78
94
FC
CC
B4
78
ENDCHAR
STARTCHAR 26C2
ENCODING 9922
SWIDTH 1000 0
DWIDTH 7 0
BBX 6 4 0 0
BITMAP
78
BC
FC
FC
ENDCHAR
STARTCHAR 26C3
ENCODING 9923
SWIDTH 1000 0
DWIDTH 7 0
BBX 6 5 0 0
BITMAP
38
FC
FC
BC
FC
ENDCHAR
STARTCHAR 26C4
ENCODING 9924
SWIDTH 857 0
DWIDTH 6 0
BBX 6 5 0 -1
BITMAP
30
AC
48
48
30
ENDCHAR
STARTCHAR 26C5
ENCODING 9925
SWIDTH 1142 0
DWIDTH 8 0
BBX 7 5 0 1
BITMAP
04
3E
5C
82
7E
ENDCHAR
STARTCHAR 26C6
ENCODING 9926
SWIDTH 1000 0
DWIDTH 7 0
BBX 6 7 0 -2
BITMAP
BC
68
D4
AC
5C
CC
70
ENDCHAR
STARTCHAR 26C7
ENCODING 9927
SWIDTH 857 0
DWIDTH 6 0
BBX 6 6 0 0
BITMAP
AC
FC
78
FC
78
30
ENDCHAR
STARTCHAR 26C8
ENCODING 9928
SWIDTH 1000 0
DWIDTH 7 0
BBX 7 7 0 -2
BITMAP
38
54
8A
7E
54
6A
BC
ENDCHAR
STARTCHAR 26C9
ENCODING 9929
SWIDTH 571 0
DWIDTH 4 0
BBX 4 4 0 0
BITMAP
F0
90
90
60
ENDCHAR
STARTCHAR 26CA
ENCODING 9930
SWIDTH 571 0
DWIDTH 4 0
BBX 4 4 0 0
BITMAP
F0
70
70
20
ENDCHAR
STARTCHAR 26CB
ENCODING 9931
SWIDTH 714 0
DWIDTH 5 0
BBX 5 5 0 0
BITMAP
F0
D8
88
D8
F0
ENDCHAR
STARTCHAR 26CC
ENCODING 9932
SWIDTH 571 0
DWIDTH 4 0
BBX 4 4 0 0
BITMAP
90
60
60
90
ENDCHAR
STARTCHAR 26CD
ENCODING 9933
SWIDTH 857 0
DWIDTH 6 0
BBX 6 6 0 0
BITMAP
60
E0
A0
10
28
7C
ENDCHAR
STARTCHAR 26CF
ENCODING 9935
SWIDTH 857 0
DWIDTH 6 0
BBX 6 5 0 0
BITMAP
58
60
60
90
8C
ENDCHAR
STARTCHAR 26D0
ENCODING 9936
SWIDTH 857 0
DWIDTH 6 0
BBX 5 6 0 0
BITMAP
10
38
48
90
58
E8
ENDCHAR
STARTCHAR 26D1
ENCODING 9937
SWIDTH 1000 0
DWIDTH 7 0
BBX 6 6 0 0
BITMAP
30
48
48
FC
44
38
ENDCHAR
STARTCHAR 26D2
ENCODING 9938
SWIDTH 857 0
DWIDTH 6 0
BBX 5 5 0 0
BITMAP
30
58
A8
D8
30
ENDCHAR
STARTCHAR 26D3
ENCODING 9939
SWIDTH 714 0
DWIDTH 5 0
BBX 5 5 0 0
BITMAP
D8
D8
D0
58
D0
ENDCHAR
STARTCHAR 26D4
ENCODING 9940
SWIDTH 857 0
DWIDTH 6 0
BBX 5 5 0 0
BITMAP
70
78
88
78
70
ENDCHAR
STARTCHAR 26D5
ENCODING 9941
SWIDTH 857 0
DWIDTH 6 0
BBX 5 6 0 0
BITMAP
48
E8
78
78
58
08
ENDCHAR
STARTCHAR 26D6
ENCODING 9942
SWIDTH 857 0
DWIDTH 6 0
BBX 6 6 0 0
BITMAP
10
30
58
DC
78
30
ENDCHAR
STARTCHAR 26D7
ENCODING 9943
SWIDTH 857 0
DWIDTH 6 0
BBX 6 6 0 0
BITMAP
30
48
B4
B4
48
30
ENDCHAR
STARTCHAR 26D8
ENCODING 9944
SWIDTH 857 0
DWIDTH 6 0
BBX 5 6 0 0
BITMAP
78
78
78
F8
F8
F8
ENDCHAR
STARTCHAR 26D9
ENCODING 9945
SWIDTH 857 0
DWIDTH 6 0
BBX 5 6 0 0
BITMAP
68
68
A8
A8
A8
A8
ENDCHAR
STARTCHAR 26DA
ENCODING 9946
SWIDTH 857 0
DWIDTH 6 0
BBX 6 5 0 0
BITMAP
84
00
00
00
84
ENDCHAR
STARTCHAR 26DB
ENCODING 9947
SWIDTH 1000 0
DWIDTH 7 0
BBX 7 5 0 0
BITMAP
FE
44
28
38
10
ENDCHAR
STARTCHAR 26DC
ENCODING 9948
SWIDTH 857 0
DWIDTH 6 0
BBX 6 5 0 0
BITMAP
2C
44
8C
84
AC
ENDCHAR
STARTCHAR 26DD
ENCODING 9949
SWIDTH 857 0
DWIDTH 6 0
BBX 6 6 0 0
BITMAP
FC
CC
B4
B4
CC
FC
ENDCHAR
STARTCHAR 26DE
ENCODING 9950
SWIDTH 857 0
DWIDTH 6 0
BBX 6 6 0 0
BITMAP
FC
C4
A4
94
8C
FC
ENDCHAR
STARTCHAR 26DF
ENCODING 9951
SWIDTH 1428 0
DWIDTH 10 0
BBX 9 4 0 0
BITMAP
FF00
FE80
FF80
2100
ENDCHAR
STARTCHAR 26E0
ENCODING 9952
SWIDTH 857 0
DWIDTH 6 0
BBX 6 5 0 0
BITMAP
FC
0C
0C
04
0C
ENDCHAR
STARTCHAR 26E1
ENCODING 9953
SWIDTH 857 0
DWIDTH 6 0
BBX 6 6 0 0
BITMAP
80
C0
80
90
A8
FC
ENDCHAR
STARTCHAR 2700
ENCODING 9984
SWIDTH 1000 0
DWIDTH 7 0
BBX 7 6 0 -1
BITMAP
40
A6
7C
78
A6
40
ENDCHAR
STARTCHAR 2701
ENCODING 9985
SWIDTH 1142 0
DWIDTH 8 0
BBX 7 5 0 -1
BITMAP
40
40
3E
F8
40
ENDCHAR
STARTCHAR 2702
ENCODING 9986
SWIDTH 1000 0
DWIDTH 7 0
BBX 7 5 0 0
BITMAP
40
EE
10
EE
40
ENDCHAR
STARTCHAR 2703
ENCODING 9987
SWIDTH 1142 0
DWIDTH 8 0
BBX 7 5 0 -1
BITMAP
40
F8
3E
40
40
ENDCHAR
STARTCHAR 2704
ENCODING 9988
SWIDTH 857 0
DWIDTH 6 0
BBX 6 5 0 -1
BITMAP
40
EC
30
CC
40
ENDCHAR
STARTCHAR 2706
ENCODING 9990
SWIDTH 1000 0
DWIDTH 7 0
BBX 7 7 0 -1
BITMAP
30
5C
A2
A2
A2
24
18
ENDCHAR
STARTCHAR 2707
ENCODING 9991
SWIDTH 857 0
DWIDTH 6 0
BBX 6 6 0 -1
BITMAP
78
94
B4
FC
84
78
ENDCHAR
STARTCHAR 2708
ENCODING 9992
SWIDTH 857 0
DWIDTH 6 0
BBX 6 5 0 0
BITMAP
20
10
FC
10
20
ENDCHAR
STARTCHAR 2709
ENCODING 9993
SWIDTH 1142 0
DWIDTH 8 0
BBX 7 6 1 -1
BITMAP
FE
86
FA
FA
86
FE
ENDCHAR
STARTCHAR 270B
ENCODING 9995
SWIDTH 857 0
DWIDTH 6 0
BBX 5 8 0 -1
BITMAP
70
50
B8
98
98
88
90
60
ENDCHAR
STARTCHAR 270C
ENCODING 9996
SWIDTH 857 0
DWIDTH 6 0
BBX 4 8 1 -1
BITMAP
50
70
50
F0
B0
D0
90
60
ENDCHAR
STARTCHAR 270D
ENCODING 9997
SWIDTH 1142 0
DWIDTH 8 0
BBX 8 5 0 0
BITMAP
18
77
71
B1
FF
ENDCHAR
STARTCHAR 270E
ENCODING 9998
SWIDTH 1000 0
DWIDTH 7 0
BBX 7 5 0 0
BITMAP
20
70
DC
74
1E
ENDCHAR
STARTCHAR 270F
ENCODING 9999
SWIDTH 1000 0
DWIDTH 7 0
BBX 7 4 0 0
BITMAP
78
E6
BC
78
ENDCHAR
STARTCHAR 2710
ENCODING 10000
SWIDTH 1000 0
DWIDTH 7 0
BBX 7 4 0 0
BITMAP
3E
EC
F8
60
ENDCHAR
STARTCHAR 2711
ENCODING 10001
SWIDTH 1000 0
DWIDTH 7 0
BBX 7 4 0 0
BITMAP
48
BC
B2
4C
ENDCHAR
STARTCHAR 2712
ENCODING 10002
SWIDTH 1000 0
DWIDTH 7 0
BBX 7 3 0 0
BITMAP
58
E6
58
ENDCHAR
STARTCHAR 2713
ENCODING 10003
SWIDTH 857 0
DWIDTH 6 0
BBX 5 5 0 0
BITMAP
08
10
10
A0
40
ENDCHAR
STARTCHAR 2714
ENCODING 10004
SWIDTH 1000 0
DWIDTH 7 0
BBX 6 6 0 -1
BITMAP
04
04
48
D0
E0
40
ENDCHAR
STARTCHAR 2715
ENCODING 10005
SWIDTH 857 0
DWIDTH 6 0
BBX 6 6 0 -1
BITMAP
84
48
30
30
48
84
ENDCHAR
STARTCHAR 2716
ENCODING 10006
SWIDTH 857 0
DWIDTH 6 0
BBX 6 5 0 -1
BITMAP
CC
78
30
FC
48
ENDCHAR
STARTCHAR 2717
ENCODING 10007
SWIDTH 714 0
DWIDTH 5 0
BBX 4 6 0 -1
BITMAP
50
30
20
50
50
80
ENDCHAR
STARTCHAR 2718
ENCODING 10008
SWIDTH 714 0
DWIDTH 5 0
BBX 5 5 0 -1
BITMAP
58
70
60
70
90
ENDCHAR
STARTCHAR 2719
ENCODING 10009
SWIDTH 857 0
DWIDTH 6 0
BBX 6 6 0 0
BITMAP
30
30
EC
FC
30
30
ENDCHAR
STARTCHAR 271A
ENCODING 10010
SWIDTH 857 0
DWIDTH 6 0
BBX 6 5 0 1
BITMAP
30
30
FC
FC
30
ENDCHAR
STARTCHAR 271B
ENCODING 10011
SWIDTH 857 0
DWIDTH 6 0
BBX 6 5 0 0
BITMAP
20
20
FC
20
20
ENDCHAR
STARTCHAR 271C
ENCODING 10012
SWIDTH 857 0
DWIDTH 6 0
BBX 5 5 0 0
BITMAP
30
F8
C8
30
30
ENDCHAR
STARTCHAR 2722
ENCODING 10018
SWIDTH 857 0
DWIDTH 6 0
BBX 6 5 0 0
BITMAP
30
10
FC
10
30
ENDCHAR
STARTCHAR 2723
ENCODING 10019
SWIDTH 857 0
DWIDTH 6 0
BBX 6 6 0 0
BITMAP
10
30
54
FC
10
30
ENDCHAR
STARTCHAR 2724
ENCODING 10020
SWIDTH 857 0
DWIDTH 6 0
BBX 6 5 0 0
BITMAP
30
30
FC
30
30
ENDCHAR
STARTCHAR 2725
ENCODING 10021
SWIDTH 857 0
DWIDTH 6 0
BBX 6 5 0 0
BITMAP
10
30
FC
10
30
ENDCHAR
STARTCHAR 2726
ENCODING 10022
SWIDTH 857 0
DWIDTH 6 0
BBX 6 6 0 0
BITMAP
10
10
30
FC
30
10
ENDCHAR
STARTCHAR 2727
ENCODING 10023
SWIDTH 857 0
DWIDTH 6 0
BBX 6 6 0 -1
BITMAP
10
30
48
CC
30
10
ENDCHAR
STARTCHAR 2729
ENCODING 10025
SWIDTH 1000 0
DWIDTH 7 0
BBX 7 7 0 -1
BITMAP
10
10
10
EE
28
38
44
ENDCHAR
STARTCHAR 272A
ENCODING 10026
SWIDTH 857 0
DWIDTH 6 0
BBX 5 5 0 0
BITMAP
70
78
C8
68
70
ENDCHAR
STARTCHAR 272B
ENCODING 10027
SWIDTH 857 0
DWIDTH 6 0
BBX 6 6 0 0
BITMAP
10
10
FC
28
38
48
ENDCHAR
STARTCHAR 272C
ENCODING 10028
SWIDTH 857 0
DWIDTH 6 0
BBX 6 5 0 0
BITMAP
20
B0
7C
58
68
ENDCHAR
STARTCHAR 272D
ENCODING 10029
SWIDTH 857 0
DWIDTH 6 0
BBX 6 6 0 0
BITMAP
10
10
FC
30
38
44
ENDCHAR
STARTCHAR 272E
ENCODING 10030
SWIDTH 857 0
DWIDTH 6 0
BBX 6 5 0 0
BITMAP
10
B4
58
78
48
ENDCHAR
STARTCHAR 272F
ENCODING 10031
SWIDTH 857 0
DWIDTH 6 0
BBX 6 6 0 0
BITMAP
10
10
FC
28
78
48
ENDCHAR
STARTCHAR 2730
ENCODING 10032
SWIDTH 857 0
DWIDTH 6 0
BBX 6 5 0 0
BITMAP
20
30
DC
48
78
ENDCHAR
STARTCHAR 2731
ENCODING 10033
SWIDTH 714 0
DWIDTH 5 0
BBX 5 5 0 0
BITMAP
20
F8
30
F8
20
ENDCHAR
STARTCHAR 2732
ENCODING 10034
SWIDTH 857 0
DWIDTH 6 0
BBX 5 5 0 0
BITMAP
20
E8
50
A8
20
ENDCHAR
STARTCHAR 2733
ENCODING 10035
SWIDTH 857 0
DWIDTH 6 0
BBX 6 5 0 0
BITMAP
68
30
FC
70
68
ENDCHAR
STARTCHAR 2734
ENCODING 10036
SWIDTH 857 0
DWIDTH 6 0
BBX 6 5 0 0
BITMAP
58
28
FC
28
50
ENDCHAR
STARTCHAR 2735
ENCODING 10037
SWIDTH 857 0
DWIDTH 6 0
BBX 6 6 0 0
BITMAP
10
68
30
FC
28
60
ENDCHAR
STARTCHAR 2736
ENCODING 10038
SWIDTH 857 0
DWIDTH 6 0
BBX 5 6 0 0
BITMAP
20
A0
78
70
A8
20
ENDCHAR
STARTCHAR 2737
ENCODING 10039
SWIDTH 857 0
DWIDTH 6 0
BBX 6 5 0 0
BITMAP
30
FC
30
FC
30
ENDCHAR
STARTCHAR 2738
ENCODING 10040
SWIDTH 857 0
DWIDTH 6 0
BBX 6 5 0 0
BITMAP
30
FC
30
FC
30
ENDCHAR
STARTCHAR 2739
ENCODING 10041
SWIDTH 857 0
DWIDTH 6 0
BBX 6 5 0 0
BITMAP
50
78
FC
78
50
ENDCHAR
STARTCHAR 273A
ENCODING 10042
SWIDTH 857 0
DWIDTH 6 0
BBX 5 5 0 0
BITMAP
70
B8
F8
B8
78
ENDCHAR
STARTCHAR 273B
ENCODING 10043
SWIDTH 714 0
DWIDTH 5 0
BBX 5 5 0 0
BITMAP
20
E8
30
F8
20
ENDCHAR
STARTCHAR 273C
ENCODING 10044
SWIDTH 714 0
DWIDTH 5 0
BBX 5 5 0 0
BITMAP
20
A8
50
E8
20
ENDCHAR
STARTCHAR 273D
ENCODING 10045
SWIDTH 714 0
DWIDTH 5 0
BBX 5 5 0 0
BITMAP
20
F8
20
F8
20
ENDCHAR
STARTCHAR 273E
ENCODING 10046
SWIDTH 857 0
DWIDTH 6 0
BBX 5 6 0 -1
BITMAP
20
58
F8
A8
78
20
ENDCHAR
STARTCHAR 273F
ENCODING 10047
SWIDTH 857 0
DWIDTH 6 0
BBX 6 5 0 0
BITMAP
30
78
CC
78
78
ENDCHAR
STARTCHAR 2740
ENCODING 10048
SWIDTH 857 0
DWIDTH 6 0
BBX 6 6 0 -1
BITMAP
30
5C
FC
78
54
68
ENDCHAR
STARTCHAR 2741
ENCODING 10049
SWIDTH 857 0
DWIDTH 6 0
BBX 6 6 0 -1
BITMAP
30
68
DC
74
68
10
ENDCHAR
STARTCHAR 2742
ENCODING 10050
SWIDTH 857 0
DWIDTH 6 0
BBX 5 5 0 0
BITMAP
78
C8
C8
78
20
ENDCHAR
STARTCHAR 2743
ENCODING 10051
SWIDTH 714 0
DWIDTH 5 0
BBX 5 5 0 -1
BITMAP
60
F8
70
E8
20
ENDCHAR
STARTCHAR 2744
ENCODING 10052
SWIDTH 714 0
DWIDTH 5 0
BBX 5 5 0 0
BITMAP
30
E8
B8
F8
70
ENDCHAR
STARTCHAR 2745
ENCODING 10053
SWIDTH 714 0
DWIDTH 5 0
BBX 5 5 0 0
BITMAP
20
F0
78
70
B8
ENDCHAR
STARTCHAR 2746
ENCODING 10054
SWIDTH 714 0
DWIDTH 5 0
BBX 5 5 0 0
BITMAP
20
70
A8
F8
20
ENDCHAR
STARTCHAR 2747
ENCODING 10055
SWIDTH 857 0
DWIDTH 6 0
BBX 5 5 0 0
BITMAP
A8
70
F8
70
A8
ENDCHAR
STARTCHAR 2748
ENCODING 10056
SWIDTH 857 0
DWIDTH 6 0
BBX 5 5 0 0
BITMAP
20
78
F8
70
A8
ENDCHAR
STARTCHAR 2749
ENCODING 10057
SWIDTH 714 0
DWIDTH 5 0
BBX 5 5 0 0
BITMAP
20
E8
30
F8
20
ENDCHAR
STARTCHAR 274A
ENCODING 10058
SWIDTH 857 0
DWIDTH 6 0
BBX 6 5 0 0
BITMAP
10
58
FC
28
58
ENDCHAR
STARTCHAR 274B
ENCODING 10059
SWIDTH 857 0
DWIDTH 6 0
BBX 6 5 0 0
BITMAP
68
68
FC
68
20
ENDCHAR
STARTCHAR 274D
ENCODING 10061
SWIDTH 1000 0
DWIDTH 7 0
BBX 6 6 0 -1
BITMAP
38
44
84
84
44
38
ENDCHAR
STARTCHAR 274F
ENCODING 10063
SWIDTH 857 0
DWIDTH 6 0
BBX 5 5 0 0
BITMAP
F8
88
88
88
F8
ENDCHAR
STARTCHAR 2750
ENCODING 10064
SWIDTH 857 0
DWIDTH 6 0
BBX 5 5 0 -1
BITMAP
F8
88
88
88
F8
ENDCHAR
STARTCHAR 2751
ENCODING 10065
SWIDTH 857 0
DWIDTH 6 0
BBX 5 6 0 0
BITMAP
F8
88
88
88
88
78
ENDCHAR
STARTCHAR 2752
ENCODING 10066
SWIDTH 857 0
DWIDTH 6 0
BBX 5 6 0 -1
BITMAP
78
88
88
88
88
F8
ENDCHAR
STARTCHAR 2753
ENCODING 10067
SWIDTH 571 0
DWIDTH 4 0
BBX 4 5 0 0
BITMAP
E0
30
60
00
60
ENDCHAR
STARTCHAR 2756
ENCODING 10070
SWIDTH 1142 0
DWIDTH 8 0
BBX 7 7 0 -1
BITMAP
10
38
54
EE
54
38
10
ENDCHAR
STARTCHAR 2757
ENCODING 10071
SWIDTH 285 0
DWIDTH 2 0
BBX 2 5 0 0
BITMAP
40
C0
40
40
C0
ENDCHAR
STARTCHAR 2758
ENCODING 10072
SWIDTH 142 0
DWIDTH 1 0
BBX 1 6 0 -1
BITMAP
80
80
80
80
80
80
ENDCHAR
STARTCHAR 2759
ENCODING 10073
SWIDTH 285 0
DWIDTH 2 0
BBX 2 6 0 -1
BITMAP
C0
C0
C0
C0
C0
C0
ENDCHAR
STARTCHAR 275A
ENCODING 10074
SWIDTH 428 0
DWIDTH 3 0
BBX 3 6 0 -1
BITMAP
E0
E0
E0
E0
E0
E0
ENDCHAR
STARTCHAR 275B
ENCODING 10075
SWIDTH 428 0
DWIDTH 3 0
BBX 3 4 0 2
BITMAP
20
40
E0
40
ENDCHAR
STARTCHAR 275C
ENCODING 10076
SWIDTH 428 0
DWIDTH 3 0
BBX 3 4 0 2
BITMAP
40
E0
60
80
ENDCHAR
STARTCHAR 275D
ENCODING 10077
SWIDTH 714 0
DWIDTH 5 0
BBX 5 4 0 2
BITMAP
28
50
F8
50
ENDCHAR
STARTCHAR 275E
ENCODING 10078
SWIDTH 714 0
DWIDTH 5 0
BBX 5 4 0 2
BITMAP
58
F8
78
A0
ENDCHAR
STARTCHAR 275F
ENCODING 10079
SWIDTH 428 0
DWIDTH 3 0
BBX 3 4 0 -2
BITMAP
40
E0
60
80
ENDCHAR
STARTCHAR 2760
ENCODING 10080
SWIDTH 714 0
DWIDTH 5 0
BBX 5 4 0 -2
BITMAP
58
F8
78
A0
ENDCHAR
STARTCHAR 2761
ENCODING 10081
SWIDTH 714 0
DWIDTH 5 0
BBX 5 7 0 -1
BITMAP
10
78
F0
70
10
50
60
ENDCHAR
STARTCHAR 2762
ENCODING 10082
SWIDTH 571 0
DWIDTH 4 0
BBX 4 6 0 0
BITMAP
20
F0
60
20
60
60
ENDCHAR
STARTCHAR 2763
ENCODING 10083
SWIDTH 571 0
DWIDTH 4 0
BBX 4 5 0 0
BITMAP
F0
F0
20
60
60
ENDCHAR
STARTCHAR 2764
ENCODING 10084
SWIDTH 1000 0
DWIDTH 7 0
BBX 7 5 0 0
BITMAP
48
FE
FC
7C
10
ENDCHAR
STARTCHAR 2765
ENCODING 10085
SWIDTH 714 0
DWIDTH 5 0
BBX 5 5 0 0
BITMAP
E0
E0
78
E0
E0
ENDCHAR
STARTCHAR 2766
ENCODING 10086
SWIDTH 714 0
DWIDTH 5 0
BBX 5 6 0 -1
BITMAP
E0
18
78
70
68
10
ENDCHAR
STARTCHAR 2767
ENCODING 10087
SWIDTH 857 0
DWIDTH 6 0
BBX 6 5 0 -1
BITMAP
54
7C
FC
B8
40
ENDCHAR
STARTCHAR 2768
ENCODING 10088
SWIDTH 428 0
DWIDTH 3 0
BBX 3 6 0 0
BITMAP
20
40
80
80
80
60
ENDCHAR
STARTCHAR 2769
ENCODING 10089
SWIDTH 428 0
DWIDTH 3 0
BBX 3 6 0 0
BITMAP
80
40
20
20
20
C0
ENDCHAR
STARTCHAR 276A
ENCODING 10090
SWIDTH 428 0
DWIDTH 3 0
BBX 2 7 0 -1
BITMAP
40
40
C0
C0
C0
40
40
ENDCHAR
STARTCHAR 276B
ENCODING 10091
SWIDTH 428 0
DWIDTH 3 0
BBX 2 7 0 -1
BITMAP
80
40
40
40
40
40
C0
ENDCHAR
STARTCHAR 276C
ENCODING 10092
SWIDTH 428 0
DWIDTH 3 0
BBX 2 6 0 0
BITMAP
40
40
80
80
40
40
ENDCHAR
STARTCHAR 276D
ENCODING 10093
SWIDTH 428 0
DWIDTH 3 0
BBX 2 6 0 0
BITMAP
80
40
40
40
40
80
ENDCHAR
STARTCHAR 276E
ENCODING 10094
SWIDTH 571 0
DWIDTH 4 0
BBX 4 6 0 0
BITMAP
30
60
40
C0
60
30
ENDCHAR
STARTCHAR 276F
ENCODING 10095
SWIDTH 571 0
DWIDTH 4 0
BBX 4 6 0 0
BITMAP
C0
60
20
30
60
C0
ENDCHAR
STARTCHAR 2770
ENCODING 10096
SWIDTH 428 0
DWIDTH 3 0
BBX 3 6 0 0
BITMAP
60
60
40
C0
60
60
ENDCHAR
STARTCHAR 2771
ENCODING 10097
SWIDTH 428 0
DWIDTH 3 0
BBX 3 6 0 0
BITMAP
C0
60
60
60
60
C0
ENDCHAR
STARTCHAR 2772
ENCODING 10098
SWIDTH 285 0
DWIDTH 2 0
BBX 2 7 0 -1
BITMAP
40
80
80
80
80
80
40
ENDCHAR
STARTCHAR 2773
ENCODING 10099
SWIDTH 285 0
DWIDTH 2 0
BBX 2 7 0 -1
BITMAP
80
40
40
40
40
40
80
ENDCHAR
STARTCHAR 2774
ENCODING 10100
SWIDTH 428 0
DWIDTH 3 0
BBX 3 7 0 -1
BITMAP
60
40
40
C0
40
40
60
ENDCHAR
STARTCHAR 2775
ENCODING 10101
SWIDTH 428 0
DWIDTH 3 0
BBX 3 7 0 -1
BITMAP
C0
40
40
60
40
40
C0
ENDCHAR
STARTCHAR 2794
ENCODING 10132
SWIDTH 1000 0
DWIDTH 7 0
BBX 6 4 0 1
BITMAP
18
08
FC
18
ENDCHAR
STARTCHAR 2798
ENCODING 10136
SWIDTH 857 0
DWIDTH 6 0
BBX 5 4 0 0
BITMAP
C0
68
18
38
ENDCHAR
STARTCHAR 2799
ENCODING 10137
SWIDTH 1000 0
DWIDTH 7 0
BBX 7 3 0 1
BITMAP
10
FE
8C
ENDCHAR
STARTCHAR 279A
ENCODING 10138
SWIDTH 857 0
DWIDTH 6 0
BBX 5 4 0 0
BITMAP
38
18
E8
40
ENDCHAR
STARTCHAR 279B
ENCODING 10139
SWIDTH 1000 0
DWIDTH 7 0
BBX 7 3 0 1
BITMAP
20
FE
20
ENDCHAR
STARTCHAR 279C
ENCODING 10140
SWIDTH 1000 0
DWIDTH 7 0
BBX 7 5 0 0
BITMAP
18
0C
FE
0C
18
ENDCHAR
STARTCHAR 279D
ENCODING 10141
SWIDTH 1000 0
DWIDTH 7 0
BBX 7 3 0 1
BITMAP
04
FE
04
ENDCHAR
STARTCHAR 279E
ENCODING 10142
SWIDTH 1000 0
DWIDTH 7 0
BBX 7 3 0 1
BITMAP
04
FE
04
ENDCHAR
STARTCHAR 279F
ENCODING 10143
SWIDTH 857 0
DWIDTH 6 0
BBX 6 3 0 1
BITMAP
08
BC
08
ENDCHAR
STARTCHAR 27A0
ENCODING 10144
SWIDTH 1000 0
DWIDTH 7 0
BBX 6 4 0 0
BITMAP
08
BC
BC
08
ENDCHAR
STARTCHAR 27A1
ENCODING 10145
SWIDTH 857 0
DWIDTH 6 0
BBX 6 4 0 0
BITMAP
08
FC
FC
08
ENDCHAR
STARTCHAR 27A2
ENCODING 10146
SWIDTH 1000 0
DWIDTH 7 0
BBX 7 4 0 0
BITMAP
E0
58
3E
C0
ENDCHAR
STARTCHAR 27A3
ENCODING 10147
SWIDTH 1000 0
DWIDTH 7 0
BBX 7 4 0 0
BITMAP
C0
38
5E
E0
ENDCHAR
STARTCHAR 27A4
ENCODING 10148
SWIDTH 1000 0
DWIDTH 7 0
BBX 7 5 0 0
BITMAP
80
60
3E
38
E0
ENDCHAR
STARTCHAR 27A5
ENCODING 10149
SWIDTH 1000 0
DWIDTH 7 0
BBX 6 4 0 0
BITMAP
88
FC
FC
08
ENDCHAR
STARTCHAR 27A6
ENCODING 10150
SWIDTH 1000 0
DWIDTH 7 0
BBX 6 4 0 0
BITMAP
08
FC
FC
88
ENDCHAR
STARTCHAR 27A7
ENCODING 10151
SWIDTH 571 0
DWIDTH 4 0
BBX 3 6 0 -1
BITMAP
40
C0
E0
E0
C0
40
ENDCHAR
STARTCHAR 27A8
ENCODING 10152
SWIDTH 1000 0
DWIDTH 7 0
BBX 7 4 0 0
BITMAP
F0
FE
F8
10
ENDCHAR
STARTCHAR 27A9
ENCODING 10153
SWIDTH 857 0
DWIDTH 6 0
BBX 6 5 0 0
BITMAP
10
E8
84
E8
10
ENDCHAR
STARTCHAR 27AA
ENCODING 10154
SWIDTH 857 0
DWIDTH 6 0
BBX 6 5 0 0
BITMAP
18
F4
84
F8
10
ENDCHAR
STARTCHAR 27AB
ENCODING 10155
SWIDTH 1000 0
DWIDTH 7 0
BBX 6 4 0 0
BITMAP
7C
84
FC
20
ENDCHAR
STARTCHAR 27AC
ENCODING 10156
SWIDTH 1000 0
DWIDTH 7 0
BBX 6 4 0 0
BITMAP
20
FC
84
7C
ENDCHAR
STARTCHAR 27AD
ENCODING 10157
SWIDTH 857 0
DWIDTH 6 0
BBX 5 6 0 -1
BITMAP
20
D0
88
88
50
20
ENDCHAR
STARTCHAR 27AE
ENCODING 10158
SWIDTH 857 0
DWIDTH 6 0
BBX 5 6 0 -1
BITMAP
20
50
88
88
D0
20
ENDCHAR
STARTCHAR 27AF
ENCODING 10159
SWIDTH 1000 0
DWIDTH 7 0
BBX 6 5 0 -1
BITMAP
10
F8
84
78
10
ENDCHAR
STARTCHAR 27B1
ENCODING 10161
SWIDTH 1000 0
DWIDTH 7 0
BBX 6 5 0 -1
BITMAP
10
78
84
F8
10
ENDCHAR
STARTCHAR 27B2
ENCODING 10162
SWIDTH 857 0
DWIDTH 6 0
BBX 6 5 0 0
BITMAP
F8
0C
04
0C
F8
ENDCHAR
STARTCHAR 27B3
ENCODING 10163
SWIDTH 1000 0
DWIDTH 7 0
BBX 7 4 0 0
BITMAP
E4
64
7E
E4
ENDCHAR
STARTCHAR 27B4
ENCODING 10164
SWIDTH 857 0
DWIDTH 6 0
BBX 6 4 0 0
BITMAP
20
F0
34
0C
ENDCHAR
STARTCHAR 27B5
ENCODING 10165
SWIDTH 1000 0
DWIDTH 7 0
BBX 6 2 0 1
BITMAP
FC
E4
ENDCHAR
STARTCHAR 27B6
ENCODING 10166
SWIDTH 857 0
DWIDTH 6 0
BBX 6 4 0 1
BITMAP
0C
34
F0
20
ENDCHAR
STARTCHAR 27B7
ENCODING 10167
SWIDTH 857 0
DWIDTH 6 0
BBX 6 4 0 0
BITMAP
20
F0
34
0C
ENDCHAR
STARTCHAR 27B8
ENCODING 10168
SWIDTH 1000 0
DWIDTH 7 0
BBX 7 3 0 1
BITMAP
E4
7E
E4
ENDCHAR
STARTCHAR 27B9
ENCODING 10169
SWIDTH 857 0
DWIDTH 6 0
BBX 6 4 0 0
BITMAP
0C
34
F0
20
ENDCHAR
STARTCHAR 27BA
ENCODING 10170
SWIDTH 857 0
DWIDTH 6 0
BBX 6 3 0 1
BITMAP
08
FC
08
ENDCHAR
STARTCHAR 27BB
ENCODING 10171
SWIDTH 1000 0
DWIDTH 7 0
BBX 6 3 0 1
BITMAP
68
FC
48
ENDCHAR
STARTCHAR 27BC
ENCODING 10172
SWIDTH 1000 0
DWIDTH 7 0
BBX 7 3 0 1
BITMAP
E4
7E
E4
ENDCHAR
STARTCHAR 27BD
ENCODING 10173
SWIDTH 1000 0
DWIDTH 7 0
BBX 7 4 0 0
BITMAP
F4
7E
74
E4
ENDCHAR
STARTCHAR 27BE
ENCODING 10174
SWIDTH 1000 0
DWIDTH 7 0
BBX 7 4 0 0
BITMAP
18
FC
FE
18
ENDCHAR
STARTCHAR 2800
ENCODING 10240
SWIDTH 714 0
DWIDTH 5 0
BBX 0 0 0 0
BITMAP
ENDCHAR
STARTCHAR 2801
ENCODING 10241
SWIDTH 714 0
DWIDTH 5 0
BBX 1 1 1 4
BITMAP
80
ENDCHAR
STARTCHAR 2802
ENCODING 10242
SWIDTH 714 0
DWIDTH 5 0
BBX 1 1 1 2
BITMAP
80
ENDCHAR
STARTCHAR 2803
ENCODING 10243
SWIDTH 714 0
DWIDTH 5 0
BBX 1 3 1 2
BITMAP
80
00
80
ENDCHAR
STARTCHAR 2804
ENCODING 10244
SWIDTH 714 0
DWIDTH 5 0
BBX 1 1 1 0
BITMAP
80
ENDCHAR
STARTCHAR 2805
ENCODING 10245
SWIDTH 714 0
DWIDTH 5 0
BBX 1 5 1 0
BITMAP
80
00
00
00
80
ENDCHAR
STARTCHAR 2806
ENCODING 10246
SWIDTH 714 0
DWIDTH 5 0
BBX 1 3 1 0
BITMAP
80
00
80
ENDCHAR
STARTCHAR 2807
ENCODING 10247
SWIDTH 714 0
DWIDTH 5 0
BBX 1 5 1 0
BITMAP
80
00
80
00
80
ENDCHAR
STARTCHAR 2808
ENCODING 10248
SWIDTH 714 0
DWIDTH 5 0
BBX 1 1 3 4
BITMAP
80
ENDCHAR
STARTCHAR 2809
ENCODING 10249
SWIDTH 714 0
DWIDTH 5 0
BBX 3 1 1 4
BITMAP
A0
ENDCHAR
STARTCHAR 280A
ENCODING 10250
SWIDTH 714 0
DWIDTH 5 0
BBX 3 3 1 2
BITMAP
20
00
80
ENDCHAR
STARTCHAR 280B
ENCODING 10251
SWIDTH 714 0
DWIDTH 5 0
BBX 3 3 1 2
BITMAP
A0
00
80
ENDCHAR
STARTCHAR 280C
ENCODING 10252
SWIDTH 714 0
DWIDTH 5 0
BBX 3 5 1 0
BITMAP
20
00
00
00
80
ENDCHAR
STARTCHAR 280D
ENCODING 10253
SWIDTH 714 0
DWIDTH 5 0
BBX 3 5 1 0
BITMAP
A0
00
00
00
80
ENDCHAR
STARTCHAR 280E
ENCODING 10254
SWIDTH 714 0
DWIDTH 5 0
BBX 3 5 1 0
BITMAP
20
00
80
00
80
ENDCHAR
STARTCHAR 280F
ENCODING 10255
SWIDTH 714 0
DWIDTH 5 0
BBX 3 5 1 0
BITMAP
A0
00
80
00
80
ENDCHAR
STARTCHAR 2810
ENCODING 10256
SWIDTH 714 0
DWIDTH 5 0
BBX 1 1 3 2
BITMAP
80
ENDCHAR
STARTCHAR 2811
ENCODING 10257
SWIDTH 714 0
DWIDTH 5 0
BBX 3 3 1 2
BITMAP
80
00
20
ENDCHAR
STARTCHAR 2812
ENCODING 10258
SWIDTH 714 0
DWIDTH 5 0
BBX 3 1 1 2
BITMAP
A0
ENDCHAR
STARTCHAR 2813
ENCODING 10259
SWIDTH 714 0
DWIDTH 5 0
BBX 3 3 1 2
BITMAP
80
00
A0
ENDCHAR
STARTCHAR 2814
ENCODING 10260
SWIDTH 714 0
DWIDTH 5 0
BBX 3 3 1 0
BITMAP
20
00
80
ENDCHAR
STARTCHAR 2815
ENCODING 10261
SWIDTH 714 0
DWIDTH 5 0
BBX 3 5 1 0
BITMAP
80
00
20
00
80
ENDCHAR
STARTCHAR 2816
ENCODING 10262
SWIDTH 714 0
DWIDTH 5 0
BBX 3 3 1 0
BITMAP
A0
00
80
ENDCHAR
STARTCHAR 2817
ENCODING 10263
SWIDTH 714 0
DWIDTH 5 0
BBX 3 5 1 0
BITMAP
80
00
A0
00
80
ENDCHAR
STARTCHAR 2818
ENCODING 10264
SWIDTH 714 0
DWIDTH 5 0
BBX 1 3 3 2
BITMAP
80
00
80
ENDCHAR
STARTCHAR 2819
ENCODING 10265
SWIDTH 714 0
DWIDTH 5 0
BBX 3 3 1 2
BITMAP
A0
00
20
ENDCHAR
STARTCHAR 281A
ENCODING 10266
SWIDTH 714 0
DWIDTH 5 0
BBX 3 3 1 2
BITMAP
20
00
A0
ENDCHAR
STARTCHAR 281B
ENCODING 10267
SWIDTH 714 0
DWIDTH 5 0
BBX 3 3 1 2
BITMAP
A0
00
A0
ENDCHAR
STARTCHAR 281C
ENCODING 10268
SWIDTH 714 0
DWIDTH 5 0
BBX 3 5 1 0
BITMAP
20
00
20
00
80
ENDCHAR
STARTCHAR 281D
ENCODING 10269
SWIDTH 714 0
DWIDTH 5 0
BBX 3 5 1 0
BITMAP
A0
00
20
00
80
ENDCHAR
STARTCHAR 281E
ENCODING 10270
SWIDTH 714 0
DWIDTH 5 0
BBX 3 5 1 0
BITMAP
20
00
A0
00
80
ENDCHAR
STARTCHAR 281F
ENCODING 10271
SWIDTH 714 0
DWIDTH 5 0
BBX 3 5 1 0
BITMAP
A0
00
A0
00
80
ENDCHAR
STARTCHAR 2820
ENCODING 10272
SWIDTH 714 0
DWIDTH 5 0
BBX 1 1 3 0
BITMAP
80
ENDCHAR
STARTCHAR 2821
ENCODING 10273
SWIDTH 714 0
DWIDTH 5 0
BBX 3 5 1 0
BITMAP
80
00
00
00
20
ENDCHAR
STARTCHAR 2822
ENCODING 10274
SWIDTH 714 0
DWIDTH 5 0
BBX 3 3 1 0
BITMAP
80
00
20
ENDCHAR
STARTCHAR 2823
ENCODING 10275
SWIDTH 714 0
DWIDTH 5 0
BBX 3 5 1 0
BITMAP
80
00
80
00
20
ENDCHAR
STARTCHAR 2824
ENCODING 10276
SWIDTH 714 0
DWIDTH 5 0
BBX 3 1 1 0
BITMAP
A0
ENDCHAR
STARTCHAR 2825
ENCODING 10277
SWIDTH 714 0
DWIDTH 5 0
BBX 3 5 1 0
BITMAP
80
00
00
00
A0
ENDCHAR
STARTCHAR 2826
ENCODING 10278
SWIDTH 714 0
DWIDTH 5 0
BBX 3 3 1 0
BITMAP
80
00
A0
ENDCHAR
STARTCHAR 2827
ENCODING 10279
SWIDTH 714 0
DWIDTH 5 0
BBX 3 5 1 0
BITMAP
80
00
80
00
A0
ENDCHAR
STARTCHAR 2828
ENCODING 10280
SWIDTH 714 0
DWIDTH 5 0
BBX 1 5 3 0
BITMAP
80
00
00
00
80
ENDCHAR
STARTCHAR 2829
ENCODING 10281
SWIDTH 714 0
DWIDTH 5 0
BBX 3 5 1 0
BITMAP
A0
00
00
00
20
ENDCHAR
STARTCHAR 282A
ENCODING 10282
SWIDTH 714 0
DWIDTH 5 0
BBX 3 5 1 0
BITMAP
20
00
80
00
20
ENDCHAR
STARTCHAR 282B
ENCODING 10283
SWIDTH 714 0
DWIDTH 5 0
BBX 3 5 1 0
BITMAP
A0
00
80
00
20
ENDCHAR
STARTCHAR 282C
ENCODING 10284
SWIDTH 714 0
DWIDTH 5 0
BBX 3 5 1 0
BITMAP
20
00
00
00
A0
ENDCHAR
STARTCHAR 282D
ENCODING 10285
SWIDTH 714 0
DWIDTH 5 0
BBX 3 5 1 0
BITMAP
A0
00
00
00
A0
ENDCHAR
STARTCHAR 282E
ENCODING 10286
SWIDTH 714 0
DWIDTH 5 0
BBX 3 5 1 0
BITMAP
20
00
80
00
A0
ENDCHAR
STARTCHAR 282F
ENCODING 10287
SWIDTH 714 0
DWIDTH 5 0
BBX 3 5 1 0
BITMAP
A0
00
80
00
A0
ENDCHAR
STARTCHAR 2830
ENCODING 10288
SWIDTH 714 0
DWIDTH 5 0
BBX 1 3 3 0
BITMAP
80
00
80
ENDCHAR
STARTCHAR 2831
ENCODING 10289
SWIDTH 714 0
DWIDTH 5 0
BBX 3 5 1 0
BITMAP
80
00
20
00
20
ENDCHAR
STARTCHAR 2832
ENCODING 10290
SWIDTH 714 0
DWIDTH 5 0
BBX 3 3 1 0
BITMAP
A0
00
20
ENDCHAR
STARTCHAR 2833
ENCODING 10291
SWIDTH 714 0
DWIDTH 5 0
BBX 3 5 1 0
BITMAP
80
00
A0
00
20
ENDCHAR
STARTCHAR 2834
ENCODING 10292
SWIDTH 714 0
DWIDTH 5 0
BBX 3 3 1 0
BITMAP
20
00
A0
ENDCHAR
STARTCHAR 2835
ENCODING 10293
SWIDTH 714 0
DWIDTH 5 0
BBX 3 5 1 0
BITMAP
80
00
20
00
A0
ENDCHAR
STARTCHAR 2836
ENCODING 10294
SWIDTH 714 0
DWIDTH 5 0
BBX 3 3 1 0
BITMAP
A0
00
A0
ENDCHAR
STARTCHAR 2837
ENCODING 10295
SWIDTH 714 0
DWIDTH 5 0
BBX 3 5 1 0
BITMAP
80
00
A0
00
A0
ENDCHAR
STARTCHAR 2838
ENCODING 10296
SWIDTH 714 0
DWIDTH 5 0
BBX 1 5 3 0
BITMAP
80
00
80
00
80
ENDCHAR
STARTCHAR 2839
ENCODING 10297
SWIDTH 714 0
DWIDTH 5 0
BBX 3 5 1 0
BITMAP
A0
00
20
00
20
ENDCHAR
STARTCHAR 283A
ENCODING 10298
SWIDTH 714 0
DWIDTH 5 0
BBX 3 5 1 0
BITMAP
20
00
A0
00
20
ENDCHAR
STARTCHAR 283B
ENCODING 10299
SWIDTH 714 0
DWIDTH 5 0
BBX 3 5 1 0
BITMAP
A0
00
A0
00
20
ENDCHAR
STARTCHAR 283C
ENCODING 10300
SWIDTH 714 0
DWIDTH 5 0
BBX 3 5 1 0
BITMAP
20
00
20
00
A0
ENDCHAR
STARTCHAR 283D
ENCODING 10301
SWIDTH 714 0
DWIDTH 5 0
BBX 3 5 1 0
BITMAP
A0
00
20
00
A0
ENDCHAR
STARTCHAR 283E
ENCODING 10302
SWIDTH 714 0
DWIDTH 5 0
BBX 3 5 1 0
BITMAP
20
00
A0
00
A0
ENDCHAR
STARTCHAR 283F
ENCODING 10303
SWIDTH 714 0
DWIDTH 5 0
BBX 3 5 1 0
BITMAP
A0
00
A0
00
A0
ENDCHAR
STARTCHAR 2840
ENCODING 10304
SWIDTH 714 0
DWIDTH 5 0
BBX 1 1 1 -1
BITMAP
80
ENDCHAR
STARTCHAR 2841
ENCODING 10305
SWIDTH 714 0
DWIDTH 5 0
BBX 1 6 1 -1
BITMAP
80
00
00
00
00
80
ENDCHAR
STARTCHAR 2842
ENCODING 10306
SWIDTH 714 0
DWIDTH 5 0
BBX 1 4 1 -1
BITMAP
80
00
00
80
ENDCHAR
STARTCHAR 2843
ENCODING 10307
SWIDTH 714 0
DWIDTH 5 0
BBX 1 6 1 -1
BITMAP
80
00
80
00
00
80
ENDCHAR
STARTCHAR 2844
ENCODING 10308
SWIDTH 714 0
DWIDTH 5 0
BBX 1 3 1 -1
BITMAP
80
00
80
ENDCHAR
STARTCHAR 2845
ENCODING 10309
SWIDTH 714 0
DWIDTH 5 0
BBX 1 6 1 -1
BITMAP
80
00
00
80
00
80
ENDCHAR
STARTCHAR 2846
ENCODING 10310
SWIDTH 714 0
DWIDTH 5 0
BBX 1 4 1 -1
BITMAP
80
80
00
80
ENDCHAR
STARTCHAR 2847
ENCODING 10311
SWIDTH 714 0
DWIDTH 5 0
BBX 1 6 1 -1
BITMAP
80
00
80
80
00
80
ENDCHAR
STARTCHAR 2848
ENCODING 10312
SWIDTH 714 0
DWIDTH 5 0
BBX 3 6 1 -1
BITMAP
20
00
00
00
00
80
ENDCHAR
STARTCHAR 2849
ENCODING 10313
SWIDTH 714 0
DWIDTH 5 0
BBX 3 6 1 -1
BITMAP
A0
00
00
00
00
80
ENDCHAR
STARTCHAR 284A
ENCODING 10314
SWIDTH 714 0
DWIDTH 5 0
BBX 3 6 1 -1
BITMAP
20
00
80
00
00
80
ENDCHAR
STARTCHAR 284B
ENCODING 10315
SWIDTH 714 0
DWIDTH 5 0
BBX 3 6 1 -1
BITMAP
A0
00
80
00
00
80
ENDCHAR
STARTCHAR 284C
ENCODING 10316
SWIDTH 714 0
DWIDTH 5 0
BBX 3 6 1 -1
BITMAP
20
00
00
80
00
80
ENDCHAR
STARTCHAR 284D
ENCODING 10317
SWIDTH 714 0
DWIDTH 5 0
BBX 3 6 1 -1
BITMAP
A0
00
00
80
00
80
ENDCHAR
STARTCHAR 284E
ENCODING 10318
SWIDTH 714 0
DWIDTH 5 0
BBX 3 6 1 -1
BITMAP
20
00
80
80
00
80
ENDCHAR
STARTCHAR 284F
ENCODING 10319
SWIDTH 714 0
DWIDTH 5 0
BBX 3 6 1 -1
BITMAP
A0
00
80
80
00
80
ENDCHAR
STARTCHAR 2850
ENCODING 10320
SWIDTH 714 0
DWIDTH 5 0
BBX 3 4 1 -1
BITMAP
20
00
00
80
ENDCHAR
STARTCHAR 2851
ENCODING 10321
SWIDTH 714 0
DWIDTH 5 0
BBX 3 6 1 -1
BITMAP
80
00
20
00
00
80
ENDCHAR
STARTCHAR 2852
ENCODING 10322
SWIDTH 714 0
DWIDTH 5 0
BBX 3 4 1 -1
BITMAP
A0
00
00
80
ENDCHAR
STARTCHAR 2853
ENCODING 10323
SWIDTH 714 0
DWIDTH 5 0
BBX 3 6 1 -1
BITMAP
80
00
A0
00
00
80
ENDCHAR
STARTCHAR 2854
ENCODING 10324
SWIDTH 714 0
DWIDTH 5 0
BBX 3 4 1 -1
BITMAP
20
80
00
80
ENDCHAR
STARTCHAR 2855
ENCODING 10325
SWIDTH 714 0
DWIDTH 5 0
BBX 3 6 1 -1
BITMAP
80
00
20
80
00
80
ENDCHAR
STARTCHAR 2856
ENCODING 10326
SWIDTH 714 0
DWIDTH 5 0
BBX 3 4 1 -1
BITMAP
A0
80
00
80
ENDCHAR
STARTCHAR 2857
ENCODING 10327
SWIDTH 714 0
DWIDTH 5 0
BBX 3 6 1 -1
BITMAP
80
00
A0
80
00
80
ENDCHAR
STARTCHAR 2858
ENCODING 10328
SWIDTH 714 0
DWIDTH 5 0
BBX 3 6 1 -1
BITMAP
20
00
20
00
00
80
ENDCHAR
STARTCHAR 2859
ENCODING 10329
SWIDTH 714 0
DWIDTH 5 0
BBX 3 6 1 -1
BITMAP
A0
00
20
00
00
80
ENDCHAR
STARTCHAR 285A
ENCODING 10330
SWIDTH 714 0
DWIDTH 5 0
BBX 3 6 1 -1
BITMAP
20
00
A0
00
00
80
ENDCHAR
STARTCHAR 285B
ENCODING 10331
SWIDTH 714 0
DWIDTH 5 0
BBX 3 6 1 -1
BITMAP
A0
00
A0
00
00
80
ENDCHAR
STARTCHAR 285C
ENCODING 10332
SWIDTH 714 0
DWIDTH 5 0
BBX 3 6 1 -1
BITMAP
20
00
20
80
00
80
ENDCHAR
STARTCHAR 285D
ENCODING 10333
SWIDTH 714 0
DWIDTH 5 0
BBX 3 6 1 -1
BITMAP
A0
00
20
80
00
80
ENDCHAR
STARTCHAR 285E
ENCODING 10334
SWIDTH 714 0
DWIDTH 5 0
BBX 3 6 1 -1
BITMAP
20
00
A0
80
00
80
ENDCHAR
STARTCHAR 285F
ENCODING 10335
SWIDTH 714 0
DWIDTH 5 0
BBX 3 6 1 -1
BITMAP
A0
00
A0
80
00
80
ENDCHAR
STARTCHAR 2860
ENCODING 10336
SWIDTH 714 0
DWIDTH 5 0
BBX 3 3 1 -1
BITMAP
20
00
80
ENDCHAR
STARTCHAR 2861
ENCODING 10337
SWIDTH 714 0
DWIDTH 5 0
BBX 3 6 1 -1
BITMAP
80
00
00
20
00
80
ENDCHAR
STARTCHAR 2862
ENCODING 10338
SWIDTH 714 0
DWIDTH 5 0
BBX 3 4 1 -1
BITMAP
80
20
00
80
ENDCHAR
STARTCHAR 2863
ENCODING 10339
SWIDTH 714 0
DWIDTH 5 0
BBX 3 6 1 -1
BITMAP
80
00
80
20
00
80
ENDCHAR
STARTCHAR 2864
ENCODING 10340
SWIDTH 714 0
DWIDTH 5 0
BBX 3 3 1 -1
BITMAP
A0
00
80
ENDCHAR
STARTCHAR 2865
ENCODING 10341
SWIDTH 714 0
DWIDTH 5 0
BBX 3 6 1 -1
BITMAP
80
00
00
A0
00
80
ENDCHAR
STARTCHAR 2866
ENCODING 10342
SWIDTH 714 0
DWIDTH 5 0
BBX 3 4 1 -1
BITMAP
80
A0
00
80
ENDCHAR
STARTCHAR 2867
ENCODING 10343
SWIDTH 714 0
DWIDTH 5 0
BBX 3 6 1 -1
BITMAP
80
00
80
A0
00
80
ENDCHAR
STARTCHAR 2868
ENCODING 10344
SWIDTH 714 0
DWIDTH 5 0
BBX 3 6 1 -1
BITMAP
20
00
00
20
00
80
ENDCHAR
STARTCHAR 2869
ENCODING 10345
SWIDTH 714 0
DWIDTH 5 0
BBX 3 6 1 -1
BITMAP
A0
00
00
20
00
80
ENDCHAR
STARTCHAR 286A
ENCODING 10346
SWIDTH 714 0
DWIDTH 5 0
BBX 3 6 1 -1
BITMAP
20
00
80
20
00
80
ENDCHAR
STARTCHAR 286B
ENCODING 10347
SWIDTH 714 0
DWIDTH 5 0
BBX 3 6 1 -1
BITMAP
A0
00
80
20
00
80
ENDCHAR
STARTCHAR 286C
ENCODING 10348
SWIDTH 714 0
DWIDTH 5 0
BBX 3 6 1 -1
BITMAP
20
00
00
A0
00
80
ENDCHAR
STARTCHAR 286D
ENCODING 10349
SWIDTH 714 0
DWIDTH 5 0
BBX 3 6 1 -1
BITMAP
A0
00
00
A0
00
80
ENDCHAR
STARTCHAR 286E
ENCODING 10350
SWIDTH 714 0
DWIDTH 5 0
BBX 3 6 1 -1
BITMAP
20
00
80
A0
00
80
ENDCHAR
STARTCHAR 286F
ENCODING 10351
SWIDTH 714 0
DWIDTH 5 0
BBX 3 6 1 -1
BITMAP
A0
00
80
A0
00
80
ENDCHAR
STARTCHAR 2870
ENCODING 10352
SWIDTH 714 0
DWIDTH 5 0
BBX 3 4 1 -1
BITMAP
20
20
00
80
ENDCHAR
STARTCHAR 2871
ENCODING 10353
SWIDTH 714 0
DWIDTH 5 0
BBX 3 6 1 -1
BITMAP
80
00
20
20
00
80
ENDCHAR
STARTCHAR 2872
ENCODING 10354
SWIDTH 714 0
DWIDTH 5 0
BBX 3 4 1 -1
BITMAP
A0
20
00
80
ENDCHAR
STARTCHAR 2873
ENCODING 10355
SWIDTH 714 0
DWIDTH 5 0
BBX 3 6 1 -1
BITMAP
80
00
A0
20
00
80
ENDCHAR
STARTCHAR 2874
ENCODING 10356
SWIDTH 714 0
DWIDTH 5 0
BBX 3 4 1 -1
BITMAP
20
A0
00
80
ENDCHAR
STARTCHAR 2875
ENCODING 10357
SWIDTH 714 0
DWIDTH 5 0
BBX 3 6 1 -1
BITMAP
80
00
20
A0
00
80
ENDCHAR
STARTCHAR 2876
ENCODING 10358
SWIDTH 714 0
DWIDTH 5 0
BBX 3 4 1 -1
BITMAP
A0
A0
00
80
ENDCHAR
STARTCHAR 2877
ENCODING 10359
SWIDTH 714 0
DWIDTH 5 0
BBX 3 6 1 -1
BITMAP
80
00
A0
A0
00
80
ENDCHAR
STARTCHAR 2878
ENCODING 10360
SWIDTH 714 0
DWIDTH 5 0
BBX 3 6 1 -1
BITMAP
20
00
20
20
00
80
ENDCHAR
STARTCHAR 2879
ENCODING 10361
SWIDTH 714 0
DWIDTH 5 0
BBX 3 6 1 -1
BITMAP
A0
00
20
20
00
80
ENDCHAR
STARTCHAR 287A
ENCODING 10362
SWIDTH 714 0
DWIDTH 5 0
BBX 3 6 1 -1
BITMAP
20
00
A0
20
00
80
ENDCHAR
STARTCHAR 287B
ENCODING 10363
SWIDTH 714 0
DWIDTH 5 0
BBX 3 6 1 -1
BITMAP
A0
00
A0
20
00
80
ENDCHAR
STARTCHAR 287C
ENCODING 10364
SWIDTH 714 0
DWIDTH 5 0
BBX 3 6 1 -1
BITMAP
20
00
20
A0
00
80
ENDCHAR
STARTCHAR 287D
ENCODING 10365
SWIDTH 714 0
DWIDTH 5 0
BBX 3 6 1 -1
BITMAP
A0
00
20
A0
00
80
ENDCHAR
STARTCHAR 287E
ENCODING 10366
SWIDTH 714 0
DWIDTH 5 0
BBX 3 6 1 -1
BITMAP
20
00
A0
A0
00
80
ENDCHAR
STARTCHAR 287F
ENCODING 10367
SWIDTH 714 0
DWIDTH 5 0
BBX 3 6 1 -1
BITMAP
A0
00
A0
A0
00
80
ENDCHAR
STARTCHAR 2880
ENCODING 10368
SWIDTH 714 0
DWIDTH 5 0
BBX 1 1 3 -1
BITMAP
80
ENDCHAR
STARTCHAR 2881
ENCODING 10369
SWIDTH 714 0
DWIDTH 5 0
BBX 3 6 1 -1
BITMAP
80
00
00
00
00
20
ENDCHAR
STARTCHAR 2882
ENCODING 10370
SWIDTH 714 0
DWIDTH 5 0
BBX 3 4 1 -1
BITMAP
80
00
00
20
ENDCHAR
STARTCHAR 2883
ENCODING 10371
SWIDTH 714 0
DWIDTH 5 0
BBX 3 6 1 -1
BITMAP
80
00
80
00
00
20
ENDCHAR
STARTCHAR 2884
ENCODING 10372
SWIDTH 714 0
DWIDTH 5 0
BBX 3 3 1 -1
BITMAP
80
00
20
ENDCHAR
STARTCHAR 2885
ENCODING 10373
SWIDTH 714 0
DWIDTH 5 0
BBX 3 6 1 -1
BITMAP
80
00
00
80
00
20
ENDCHAR
STARTCHAR 2886
ENCODING 10374
SWIDTH 714 0
DWIDTH 5 0
BBX 3 4 1 -1
BITMAP
80
80
00
20
ENDCHAR
STARTCHAR 2887
ENCODING 10375
SWIDTH 714 0
DWIDTH 5 0
BBX 3 6 1 -1
BITMAP
80
00
80
80
00
20
ENDCHAR
STARTCHAR 2888
ENCODING 10376
SWIDTH 714 0
DWIDTH 5 0
BBX 1 6 3 -1
BITMAP
80
00
00
00
00
80
ENDCHAR
STARTCHAR 2889
ENCODING 10377
SWIDTH 714 0
DWIDTH 5 0
BBX 3 6 1 -1
BITMAP
A0
00
00
00
00
20
ENDCHAR
STARTCHAR 288A
ENCODING 10378
SWIDTH 714 0
DWIDTH 5 0
BBX 3 6 1 -1
BITMAP
20
00
80
00
00
20
ENDCHAR
STARTCHAR 288B
ENCODING 10379
SWIDTH 714 0
DWIDTH 5 0
BBX 3 6 1 -1
BITMAP
A0
00
80
00
00
20
ENDCHAR
STARTCHAR 288C
ENCODING 10380
SWIDTH 714 0
DWIDTH 5 0
BBX 3 6 1 -1
BITMAP
20
00
00
80
00
20
ENDCHAR
STARTCHAR 288D
ENCODING 10381
SWIDTH 714 0
DWIDTH 5 0
BBX 3 6 1 -1
BITMAP
A0
00
00
80
00
20
ENDCHAR
STARTCHAR 288E
ENCODING 10382
SWIDTH 714 0
DWIDTH 5 0
BBX 3 6 1 -1
BITMAP
20
00
80
80
00
20
ENDCHAR
STARTCHAR 288F
ENCODING 10383
SWIDTH 714 0
DWIDTH 5 0
BBX 3 6 1 -1
BITMAP
A0
00
80
80
00
20
ENDCHAR
STARTCHAR 2890
ENCODING 10384
SWIDTH 714 0
DWIDTH 5 0
BBX 1 4 3 -1
BITMAP
80
00
00
80
ENDCHAR
STARTCHAR 2891
ENCODING 10385
SWIDTH 714 0
DWIDTH 5 0
BBX 3 6 1 -1
BITMAP
80
00
20
00
00
20
ENDCHAR
STARTCHAR 2892
ENCODING 10386
SWIDTH 714 0
DWIDTH 5 0
BBX 3 4 1 -1
BITMAP
A0
00
00
20
ENDCHAR
STARTCHAR 2893
ENCODING 10387
SWIDTH 714 0
DWIDTH 5 0
BBX 3 6 1 -1
BITMAP
80
00
A0
00
00
20
ENDCHAR
STARTCHAR 2894
ENCODING 10388
SWIDTH 714 0
DWIDTH 5 0
BBX 3 4 1 -1
BITMAP
20
80
00
20
ENDCHAR
STARTCHAR 2895
ENCODING 10389
SWIDTH 714 0
DWIDTH 5 0
BBX 3 6 1 -1
BITMAP
80
00
20
80
00
20
ENDCHAR
STARTCHAR 2896
ENCODING 10390
SWIDTH 714 0
DWIDTH 5 0
BBX 3 4 1 -1
BITMAP
A0
80
00
20
ENDCHAR
STARTCHAR 2897
ENCODING 10391
SWIDTH 714 0
DWIDTH 5 0
BBX 3 6 1 -1
BITMAP
80
00
A0
80
00
20
ENDCHAR
STARTCHAR 2898
ENCODING 10392
SWIDTH 714 0
DWIDTH 5 0
BBX 1 6 3 -1
BITMAP
80
00
80
00
00
80
ENDCHAR
STARTCHAR 2899
ENCODING 10393
SWIDTH 714 0
DWIDTH 5 0
BBX 3 6 1 -1
BITMAP
A0
00
20
00
00
20
ENDCHAR
STARTCHAR 289A
ENCODING 10394
SWIDTH 714 0
DWIDTH 5 0
BBX 3 6 1 -1
BITMAP
20
00
A0
00
00
20
ENDCHAR
STARTCHAR 289B
ENCODING 10395
SWIDTH 714 0
DWIDTH 5 0
BBX 3 6 1 -1
BITMAP
A0
00
A0
00
00
20
ENDCHAR
STARTCHAR 289C
ENCODING 10396
SWIDTH 714 0
DWIDTH 5 0
BBX 3 6 1 -1
BITMAP
20
00
20
80
00
20
ENDCHAR
STARTCHAR 289D
ENCODING 10397
SWIDTH 714 0
DWIDTH 5 0
BBX 3 6 1 -1
BITMAP
A0
00
20
80
00
20
ENDCHAR
STARTCHAR 289E
ENCODING 10398
SWIDTH 714 0
DWIDTH 5 0
BBX 3 6 1 -1
BITMAP
20
00
A0
80
00
20
ENDCHAR
STARTCHAR 289F
ENCODING 10399
SWIDTH 714 0
DWIDTH 5 0
BBX 3 6 1 -1
BITMAP
A0
00
A0
80
00
20
ENDCHAR
STARTCHAR 28A0
ENCODING 10400
SWIDTH 714 0
DWIDTH 5 0
BBX 1 3 3 -1
BITMAP
80
00
80
ENDCHAR
STARTCHAR 28A1
ENCODING 10401
SWIDTH 714 0
DWIDTH 5 0
BBX 3 6 1 -1
BITMAP
80
00
00
20
00
20
ENDCHAR
STARTCHAR 28A2
ENCODING 10402
SWIDTH 714 0
DWIDTH 5 0
BBX 3 4 1 -1
BITMAP
80
20
00
20
ENDCHAR
STARTCHAR 28A3
ENCODING 10403
SWIDTH 714 0
DWIDTH 5 0
BBX 3 6 1 -1
BITMAP
80
00
80
20
00
20
ENDCHAR
STARTCHAR 28A4
ENCODING 10404
SWIDTH 714 0
DWIDTH 5 0
BBX 3 3 1 -1
BITMAP
A0
00
20
ENDCHAR
STARTCHAR 28A5
ENCODING 10405
SWIDTH 714 0
DWIDTH 5 0
BBX 3 6 1 -1
BITMAP
80
00
00
A0
00
20
ENDCHAR
STARTCHAR 28A6
ENCODING 10406
SWIDTH 714 0
DWIDTH 5 0
BBX 3 4 1 -1
BITMAP
80
A0
00
20
ENDCHAR
STARTCHAR 28A7
ENCODING 10407
SWIDTH 714 0
DWIDTH 5 0
BBX 3 6 1 -1
BITMAP
80
00
80
A0
00
20
ENDCHAR
STARTCHAR 28A8
ENCODING 10408
SWIDTH 714 0
DWIDTH 5 0
BBX 1 6 3 -1
BITMAP
80
00
00
80
00
80
ENDCHAR
STARTCHAR 28A9
ENCODING 10409
SWIDTH 714 0
DWIDTH 5 0
BBX 3 6 1 -1
BITMAP
A0
00
00
20
00
20
ENDCHAR
STARTCHAR 28AA
ENCODING 10410
SWIDTH 714 0
DWIDTH 5 0
BBX 3 6 1 -1
BITMAP
20
00
80
20
00
20
ENDCHAR
STARTCHAR 28AB
ENCODING 10411
SWIDTH 714 0
DWIDTH 5 0
BBX 3 6 1 -1
BITMAP
A0
00
80
20
00
20
ENDCHAR
STARTCHAR 28AC
ENCODING 10412
SWIDTH 714 0
DWIDTH 5 0
BBX 3 6 1 -1
BITMAP
20
00
00
A0
00
20
ENDCHAR
STARTCHAR 28AD
ENCODING 10413
SWIDTH 714 0
DWIDTH 5 0
BBX 3 6 1 -1
BITMAP
A0
00
00
A0
00
20
ENDCHAR
STARTCHAR 28AE
ENCODING 10414
SWIDTH 714 0
DWIDTH 5 0
BBX 3 6 1 -1
BITMAP
20
00
80
A0
00
20
ENDCHAR
STARTCHAR 28AF
ENCODING 10415
SWIDTH 714 0
DWIDTH 5 0
BBX 3 6 1 -1
BITMAP
A0
00
80
A0
00
20
ENDCHAR
STARTCHAR 28B0
ENCODING 10416
SWIDTH 714 0
DWIDTH 5 0
BBX 1 4 3 -1
BITMAP
80
80
00
80
ENDCHAR
STARTCHAR 28B1
ENCODING 10417
SWIDTH 714 0
DWIDTH 5 0
BBX 3 6 1 -1
BITMAP
80
00
20
20
00
20
ENDCHAR
STARTCHAR 28B2
ENCODING 10418
SWIDTH 714 0
DWIDTH 5 0
BBX 3 4 1 -1
BITMAP
A0
20
00
20
ENDCHAR
STARTCHAR 28B3
ENCODING 10419
SWIDTH 714 0
DWIDTH 5 0
BBX 3 6 1 -1
BITMAP
80
00
A0
20
00
20
ENDCHAR
STARTCHAR 28B4
ENCODING 10420
SWIDTH 714 0
DWIDTH 5 0
BBX 3 4 1 -1
BITMAP
20
A0
00
20
ENDCHAR
STARTCHAR 28B5
ENCODING 10421
SWIDTH 714 0
DWIDTH 5 0
BBX 3 6 1 -1
BITMAP
80
00
20
A0
00
20
ENDCHAR
STARTCHAR 28B6
ENCODING 10422
SWIDTH 714 0
DWIDTH 5 0
BBX 3 4 1 -1
BITMAP
A0
A0
00
20
ENDCHAR
STARTCHAR 28B7
ENCODING 10423
SWIDTH 714 0
DWIDTH 5 0
BBX 3 6 1 -1
BITMAP
80
00
A0
A0
00
20
ENDCHAR
STARTCHAR 28B8
ENCODING 10424
SWIDTH 714 0
DWIDTH 5 0
BBX 1 6 3 -1
BITMAP
80
00
80
80
00
80
ENDCHAR
STARTCHAR 28B9
ENCODING 10425
SWIDTH 714 0
DWIDTH 5 0
BBX 3 6 1 -1
BITMAP
A0
00
20
20
00
20
ENDCHAR
STARTCHAR 28BA
ENCODING 10426
SWIDTH 714 0
DWIDTH 5 0
BBX 3 6 1 -1
BITMAP
20
00
A0
20
00
20
ENDCHAR
STARTCHAR 28BB
ENCODING 10427
SWIDTH 714 0
DWIDTH 5 0
BBX 3 6 1 -1
BITMAP
A0
00
A0
20
00
20
ENDCHAR
STARTCHAR 28BC
ENCODING 10428
SWIDTH 714 0
DWIDTH 5 0
BBX 3 6 1 -1
BITMAP
20
00
20
A0
00
20
ENDCHAR
STARTCHAR 28BD
ENCODING 10429
SWIDTH 714 0
DWIDTH 5 0
BBX 3 6 1 -1
BITMAP
A0
00
20
A0
00
20
ENDCHAR
STARTCHAR 28BE
ENCODING 10430
SWIDTH 714 0
DWIDTH 5 0
BBX 3 6 1 -1
BITMAP
20
00
A0
A0
00
20
ENDCHAR
STARTCHAR 28BF
ENCODING 10431
SWIDTH 714 0
DWIDTH 5 0
BBX 3 6 1 -1
BITMAP
A0
00
A0
A0
00
20
ENDCHAR
STARTCHAR 28C0
ENCODING 10432
SWIDTH 714 0
DWIDTH 5 0
BBX 3 1 1 -1
BITMAP
A0
ENDCHAR
STARTCHAR 28C1
ENCODING 10433
SWIDTH 714 0
DWIDTH 5 0
BBX 3 6 1 -1
BITMAP
80
00
00
00
00
A0
ENDCHAR
STARTCHAR 28C2
ENCODING 10434
SWIDTH 714 0
DWIDTH 5 0
BBX 3 4 1 -1
BITMAP
80
00
00
A0
ENDCHAR
STARTCHAR 28C3
ENCODING 10435
SWIDTH 714 0
DWIDTH 5 0
BBX 3 6 1 -1
BITMAP
80
00
80
00
00
A0
ENDCHAR
STARTCHAR 28C4
ENCODING 10436
SWIDTH 714 0
DWIDTH 5 0
BBX 3 3 1 -1
BITMAP
80
00
A0
ENDCHAR
STARTCHAR 28C5
ENCODING 10437
SWIDTH 714 0
DWIDTH 5 0
BBX 3 6 1 -1
BITMAP
80
00
00
80
00
A0
ENDCHAR
STARTCHAR 28C6
ENCODING 10438
SWIDTH 714 0
DWIDTH 5 0
BBX 3 4 1 -1
BITMAP
80
80
00
A0
ENDCHAR
STARTCHAR 28C7
ENCODING 10439
SWIDTH 714 0
DWIDTH 5 0
BBX 3 6 1 -1
BITMAP
80
00
80
80
00
A0
ENDCHAR
STARTCHAR 28C8
ENCODING 10440
SWIDTH 714 0
DWIDTH 5 0
BBX 3 6 1 -1
BITMAP
20
00
00
00
00
A0
ENDCHAR
STARTCHAR 28C9
ENCODING 10441
SWIDTH 714 0
DWIDTH 5 0
BBX 3 6 1 -1
BITMAP
A0
00
00
00
00
A0
ENDCHAR
STARTCHAR 28CA
ENCODING 10442
SWIDTH 714 0
DWIDTH 5 0
BBX 3 6 1 -1
BITMAP
20
00
80
00
00
A0
ENDCHAR
STARTCHAR 28CB
ENCODING 10443
SWIDTH 714 0
DWIDTH 5 0
BBX 3 6 1 -1
BITMAP
A0
00
80
00
00
A0
ENDCHAR
STARTCHAR 28CC
ENCODING 10444
SWIDTH 714 0
DWIDTH 5 0
BBX 3 6 1 -1
BITMAP
20
00
00
80
00
A0
ENDCHAR
STARTCHAR 28CD
ENCODING 10445
SWIDTH 714 0
DWIDTH 5 0
BBX 3 6 1 -1
BITMAP
A0
00
00
80
00
A0
ENDCHAR
STARTCHAR 28CE
ENCODING 10446
SWIDTH 714 0
DWIDTH 5 0
BBX 3 6 1 -1
BITMAP
20
00
80
80
00
A0
ENDCHAR
STARTCHAR 28CF
ENCODING 10447
SWIDTH 714 0
DWIDTH 5 0
BBX 3 6 1 -1
BITMAP
A0
00
80
80
00
A0
ENDCHAR
STARTCHAR 28D0
ENCODING 10448
SWIDTH 714 0
DWIDTH 5 0
BBX 3 4 1 -1
BITMAP
20
00
00
A0
ENDCHAR
STARTCHAR 28D1
ENCODING 10449
SWIDTH 714 0
DWIDTH 5 0
BBX 3 6 1 -1
BITMAP
80
00
20
00
00
A0
ENDCHAR
STARTCHAR 28D2
ENCODING 10450
SWIDTH 714 0
DWIDTH 5 0
BBX 3 4 1 -1
BITMAP
A0
00
00
A0
ENDCHAR
STARTCHAR 28D3
ENCODING 10451
SWIDTH 714 0
DWIDTH 5 0
BBX 3 6 1 -1
BITMAP
80
00
A0
00
00
A0
ENDCHAR
STARTCHAR 28D4
ENCODING 10452
SWIDTH 714 0
DWIDTH 5 0
BBX 3 4 1 -1
BITMAP
20
80
00
A0
ENDCHAR
STARTCHAR 28D5
ENCODING 10453
SWIDTH 714 0
DWIDTH 5 0
BBX 3 6 1 -1
BITMAP
80
00
20
80
00
A0
ENDCHAR
STARTCHAR 28D6
ENCODING 10454
SWIDTH 714 0
DWIDTH 5 0
BBX 3 4 1 -1
BITMAP
A0
80
00
A0
ENDCHAR
STARTCHAR 28D7
ENCODING 10455
SWIDTH 714 0
DWIDTH 5 0
BBX 3 6 1 -1
BITMAP
80
00
A0
80
00
A0
ENDCHAR
STARTCHAR 28D8
ENCODING 10456
SWIDTH 714 0
DWIDTH 5 0
BBX 3 6 1 -1
BITMAP
20
00
20
00
00
A0
ENDCHAR
STARTCHAR 28D9
ENCODING 10457
SWIDTH 714 0
DWIDTH 5 0
BBX 3 6 1 -1
BITMAP
A0
00
20
00
00
A0
ENDCHAR
STARTCHAR 28DA
ENCODING 10458
SWIDTH 714 0
DWIDTH 5 0
BBX 3 6 1 -1
BITMAP
20
00
A0
00
00
A0
ENDCHAR
STARTCHAR 28DB
ENCODING 10459
SWIDTH 714 0
DWIDTH 5 0
BBX 3 6 1 -1
BITMAP
A0
00
A0
00
00
A0
ENDCHAR
STARTCHAR 28DC
ENCODING 10460
SWIDTH 714 0
DWIDTH 5 0
BBX 3 6 1 -1
BITMAP
20
00
20
80
00
A0
ENDCHAR
STARTCHAR 28DD
ENCODING 10461
SWIDTH 714 0
DWIDTH 5 0
BBX 3 6 1 -1
BITMAP
A0
00
20
80
00
A0
ENDCHAR
STARTCHAR 28DE
ENCODING 10462
SWIDTH 714 0
DWIDTH 5 0
BBX 3 6 1 -1
BITMAP
20
00
A0
80
00
A0
ENDCHAR
STARTCHAR 28DF
ENCODING 10463
SWIDTH 714 0
DWIDTH 5 0
BBX 3 6 1 -1
BITMAP
A0
00
A0
80
00
A0
ENDCHAR
STARTCHAR 28E0
ENCODING 10464
SWIDTH 714 0
DWIDTH 5 0
BBX 3 3 1 -1
BITMAP
20
00
A0
ENDCHAR
STARTCHAR 28E1
ENCODING 10465
SWIDTH 714 0
DWIDTH 5 0
BBX 3 6 1 -1
BITMAP
80
00
00
20
00
A0
ENDCHAR
STARTCHAR 28E2
ENCODING 10466
SWIDTH 714 0
DWIDTH 5 0
BBX 3 4 1 -1
BITMAP
80
20
00
A0
ENDCHAR
STARTCHAR 28E3
ENCODING 10467
SWIDTH 714 0
DWIDTH 5 0
BBX 3 6 1 -1
BITMAP
80
00
80
20
00
A0
ENDCHAR
STARTCHAR 28E4
ENCODING 10468
SWIDTH 714 0
DWIDTH 5 0
BBX 3 3 1 -1
BITMAP
A0
00
A0
ENDCHAR
STARTCHAR 28E5
ENCODING 10469
SWIDTH 714 0
DWIDTH 5 0
BBX 3 6 1 -1
BITMAP
80
00
00
A0
00
A0
ENDCHAR
STARTCHAR 28E6
ENCODING 10470
SWIDTH 714 0
DWIDTH 5 0
BBX 3 4 1 -1
BITMAP
80
A0
00
A0
ENDCHAR
STARTCHAR 28E7
ENCODING 10471
SWIDTH 714 0
DWIDTH 5 0
BBX 3 6 1 -1
BITMAP
80
00
80
A0
00
A0
ENDCHAR
STARTCHAR 28E8
ENCODING 10472
SWIDTH 714 0
DWIDTH 5 0
BBX 3 6 1 -1
BITMAP
20
00
00
20
00
A0
ENDCHAR
STARTCHAR 28E9
ENCODING 10473
SWIDTH 714 0
DWIDTH 5 0
BBX 3 6 1 -1
BITMAP
A0
00
00
20
00
A0
ENDCHAR
STARTCHAR 28EA
ENCODING 10474
SWIDTH 714 0
DWIDTH 5 0
BBX 3 6 1 -1
BITMAP
20
00
80
20
00
A0
ENDCHAR
STARTCHAR 28EB
ENCODING 10475
SWIDTH 714 0
DWIDTH 5 0
BBX 3 6 1 -1
BITMAP
A0
00
80
20
00
A0
ENDCHAR
STARTCHAR 28EC
ENCODING 10476
SWIDTH 714 0
DWIDTH 5 0
BBX 3 6 1 -1
BITMAP
20
00
00
A0
00
A0
ENDCHAR
STARTCHAR 28ED
ENCODING 10477
SWIDTH 714 0
DWIDTH 5 0
BBX 3 6 1 -1
BITMAP
A0
00
00
A0
00
A0
ENDCHAR
STARTCHAR 28EE
ENCODING 10478
SWIDTH 714 0
DWIDTH 5 0
BBX 3 6 1 -1
BITMAP
20
00
80
A0
00
A0
ENDCHAR
STARTCHAR 28EF
ENCODING 10479
SWIDTH 714 0
DWIDTH 5 0
BBX 3 6 1 -1
BITMAP
A0
00
80
A0
00
A0
ENDCHAR
STARTCHAR 28F0
ENCODING 10480
SWIDTH 714 0
DWIDTH 5 0
BBX 3 4 1 -1
BITMAP
20
20
00
A0
ENDCHAR
STARTCHAR 28F1
ENCODING 10481
SWIDTH 714 0
DWIDTH 5 0
BBX 3 6 1 -1
BITMAP
80
00
20
20
00
A0
ENDCHAR
STARTCHAR 28F2
ENCODING 10482
SWIDTH 714 0
DWIDTH 5 0
BBX 3 4 1 -1
BITMAP
A0
20
00
A0
ENDCHAR
STARTCHAR 28F3
ENCODING 10483
SWIDTH 714 0
DWIDTH 5 0
BBX 3 6 1 -1
BITMAP
80
00
A0
20
00
A0
ENDCHAR
STARTCHAR 28F4
ENCODING 10484
SWIDTH 714 0
DWIDTH 5 0
BBX 3 4 1 -1
BITMAP
20
A0
00
A0
ENDCHAR
STARTCHAR 28F5
ENCODING 10485
SWIDTH 714 0
DWIDTH 5 0
BBX 3 6 1 -1
BITMAP
80
00
20
A0
00
A0
ENDCHAR
STARTCHAR 28F6
ENCODING 10486
SWIDTH 714 0
DWIDTH 5 0
BBX 3 4 1 -1
BITMAP
A0
A0
00
A0
ENDCHAR
STARTCHAR 28F7
ENCODING 10487
SWIDTH 714 0
DWIDTH 5 0
BBX 3 6 1 -1
BITMAP
80
00
A0
A0
00
A0
ENDCHAR
STARTCHAR 28F8
ENCODING 10488
SWIDTH 714 0
DWIDTH 5 0
BBX 3 6 1 -1
BITMAP
20
00
20
20
00
A0
ENDCHAR
STARTCHAR 28F9
ENCODING 10489
SWIDTH 714 0
DWIDTH 5 0
BBX 3 6 1 -1
BITMAP
A0
00
20
20
00
A0
ENDCHAR
STARTCHAR 28FA
ENCODING 10490
SWIDTH 714 0
DWIDTH 5 0
BBX 3 6 1 -1
BITMAP
20
00
A0
20
00
A0
ENDCHAR
STARTCHAR 28FB
ENCODING 10491
SWIDTH 714 0
DWIDTH 5 0
BBX 3 6 1 -1
BITMAP
A0
00
A0
20
00
A0
ENDCHAR
STARTCHAR 28FC
ENCODING 10492
SWIDTH 714 0
DWIDTH 5 0
BBX 3 6 1 -1
BITMAP
20
00
20
A0
00
A0
ENDCHAR
STARTCHAR 28FD
ENCODING 10493
SWIDTH 714 0
DWIDTH 5 0
BBX 3 6 1 -1
BITMAP
A0
00
20
A0
00
A0
ENDCHAR
STARTCHAR 28FE
ENCODING 10494
SWIDTH 714 0
DWIDTH 5 0
BBX 3 6 1 -1
BITMAP
20
00
A0
A0
00
A0
ENDCHAR
STARTCHAR 28FF
ENCODING 10495
SWIDTH 714 0
DWIDTH 5 0
BBX 3 6 1 -1
BITMAP
A0
00
A0
A0
00
A0
ENDCHAR
STARTCHAR 2981
ENCODING 10625
SWIDTH 571 0
DWIDTH 4 0
BBX 3 3 0 1
BITMAP
60
E0
60
ENDCHAR
STARTCHAR 29BF
ENCODING 10687
SWIDTH 857 0
DWIDTH 6 0
BBX 6 6 0 0
BITMAP
38
44
B4
BC
44
38
ENDCHAR
STARTCHAR 29EB
ENCODING 10731
SWIDTH 714 0
DWIDTH 5 0
BBX 5 7 0 -1
BITMAP
20
30
70
F8
70
20
20
ENDCHAR
STARTCHAR 2B00
ENCODING 11008
SWIDTH 714 0
DWIDTH 5 0
BBX 5 5 0 0
BITMAP
38
28
58
A0
40
ENDCHAR
STARTCHAR 2B01
ENCODING 11009
SWIDTH 714 0
DWIDTH 5 0
BBX 5 5 0 0
BITMAP
E0
A0
D0
28
10
ENDCHAR
STARTCHAR 2B02
ENCODING 11010
SWIDTH 714 0
DWIDTH 5 0
BBX 5 5 0 0
BITMAP
40
A0
58
28
38
ENDCHAR
STARTCHAR 2B03
ENCODING 11011
SWIDTH 714 0
DWIDTH 5 0
BBX 5 5 0 0
BITMAP
10
28
D0
A0
E0
ENDCHAR
STARTCHAR 2B04
ENCODING 11012
SWIDTH 1000 0
DWIDTH 7 0
BBX 6 5 0 0
BITMAP
28
78
84
78
28
ENDCHAR
STARTCHAR 2B05
ENCODING 11013
SWIDTH 857 0
DWIDTH 6 0
BBX 6 4 0 1
BITMAP
20
7C
FC
20
ENDCHAR
STARTCHAR 2B06
ENCODING 11014
SWIDTH 571 0
DWIDTH 4 0
BBX 4 5 0 0
BITMAP
20
F0
60
60
60
ENDCHAR
STARTCHAR 2B07
ENCODING 11015
SWIDTH 571 0
DWIDTH 4 0
BBX 4 5 0 0
BITMAP
60
60
60
F0
20
ENDCHAR
STARTCHAR 2B08
ENCODING 11016
SWIDTH 714 0
DWIDTH 5 0
BBX 5 4 0 0
BITMAP
38
30
E0
40
ENDCHAR
STARTCHAR 2B09
ENCODING 11017
SWIDTH 714 0
DWIDTH 5 0
BBX 5 4 0 0
BITMAP
E0
60
38
10
ENDCHAR
STARTCHAR 2B0A
ENCODING 11018
SWIDTH 714 0
DWIDTH 5 0
BBX 5 4 0 0
BITMAP
C0
68
30
38
ENDCHAR
STARTCHAR 2B0B
ENCODING 11019
SWIDTH 714 0
DWIDTH 5 0
BBX 5 4 0 0
BITMAP
18
B0
60
E0
ENDCHAR
STARTCHAR 2B0C
ENCODING 11020
SWIDTH 1000 0
DWIDTH 7 0
BBX 7 4 0 1
BITMAP
28
7C
FE
24
ENDCHAR
STARTCHAR 2B0D
ENCODING 11021
SWIDTH 571 0
DWIDTH 4 0
BBX 4 7 0 -1
BITMAP
20
60
F0
60
60
F0
20
ENDCHAR
STARTCHAR 2B12
ENCODING 11026
SWIDTH 714 0
DWIDTH 5 0
BBX 5 4 0 0
BITMAP
F8
F8
88
F8
ENDCHAR
STARTCHAR 2B13
ENCODING 11027
SWIDTH 714 0
DWIDTH 5 0
BBX 5 5 0 0
BITMAP
F8
88
F8
F8
F8
ENDCHAR
STARTCHAR 2B14
ENCODING 11028
SWIDTH 714 0
DWIDTH 5 0
BBX 5 4 0 0
BITMAP
F8
B8
98
F8
ENDCHAR
STARTCHAR 2B15
ENCODING 11029
SWIDTH 714 0
DWIDTH 5 0
BBX 5 5 0 0
BITMAP
F8
88
C8
E8
F8
ENDCHAR
STARTCHAR 2B16
ENCODING 11030
SWIDTH 714 0
DWIDTH 5 0
BBX 5 5 0 0
BITMAP
20
50
C8
50
20
ENDCHAR
STARTCHAR 2B17
ENCODING 11031
SWIDTH 714 0
DWIDTH 5 0
BBX 5 5 0 0
BITMAP
20
70
B8
70
20
ENDCHAR
STARTCHAR 2B18
ENCODING 11032
SWIDTH 714 0
DWIDTH 5 0
BBX 5 4 0 1
BITMAP
20
70
D8
20
ENDCHAR
STARTCHAR 2B19
ENCODING 11033
SWIDTH 714 0
DWIDTH 5 0
BBX 5 4 0 1
BITMAP
20
50
F8
20
ENDCHAR
STARTCHAR 2B1A
ENCODING 11034
SWIDTH 857 0
DWIDTH 6 0
BBX 6 5 0 0
BITMAP
FC
84
84
00
FC
ENDCHAR
STARTCHAR 2B1B
ENCODING 11035
SWIDTH 1000 0
DWIDTH 7 0
BBX 5 6 1 0
BITMAP
F8
F8
F8
F8
F8
F8
ENDCHAR
STARTCHAR 2B1C
ENCODING 11036
SWIDTH 1000 0
DWIDTH 7 0
BBX 5 6 1 0
BITMAP
F8
88
88
88
88
F8
ENDCHAR
STARTCHAR 2B1D
ENCODING 11037
SWIDTH 285 0
DWIDTH 2 0
BBX 2 1 0 2
BITMAP
C0
ENDCHAR
STARTCHAR 2B1E
ENCODING 11038
SWIDTH 285 0
DWIDTH 2 0
BBX 2 2 0 2
BITMAP
C0
C0
ENDCHAR
STARTCHAR 2B1F
ENCODING 11039
SWIDTH 857 0
DWIDTH 6 0
BBX 6 5 0 0
BITMAP
30
F8
7C
78
78
ENDCHAR
STARTCHAR 2B20
ENCODING 11040
SWIDTH 857 0
DWIDTH 6 0
BBX 6 6 0 0
BITMAP
30
48
84
84
48
78
ENDCHAR
STARTCHAR 2B21
ENCODING 11041
SWIDTH 857 0
DWIDTH 6 0
BBX 5 7 0 -1
BITMAP
20
58
88
88
88
58
20
ENDCHAR
STARTCHAR 2B22
ENCODING 11042
SWIDTH 857 0
DWIDTH 6 0
BBX 5 7 0 -1
BITMAP
20
78
F8
F8
F8
78
20
ENDCHAR
STARTCHAR 2B23
ENCODING 11043
SWIDTH 1000 0
DWIDTH 7 0
BBX 6 5 0 0
BITMAP
38
7C
FC
7C
38
ENDCHAR
STARTCHAR 2B24
ENCODING 11044
SWIDTH 1142 0
DWIDTH 8 0
BBX 7 7 0 -1
BITMAP
3C
7E
7E
FE
7E
7E
3C
ENDCHAR
STARTCHAR 2B25
ENCODING 11045
SWIDTH 857 0
DWIDTH 6 0
BBX 6 5 0 0
BITMAP
30
78
FC
78
30
ENDCHAR
STARTCHAR 2B26
ENCODING 11046
SWIDTH 857 0
DWIDTH 6 0
BBX 6 5 0 0
BITMAP
30
48
84
48
30
ENDCHAR
STARTCHAR 2B27
ENCODING 11047
SWIDTH 571 0
DWIDTH 4 0
BBX 3 5 0 0
BITMAP
40
60
E0
60
40
ENDCHAR
STARTCHAR 2B28
ENCODING 11048
SWIDTH 571 0
DWIDTH 4 0
BBX 3 5 0 0
BITMAP
40
60
A0
60
40
ENDCHAR
STARTCHAR 2B29
ENCODING 11049
SWIDTH 428 0
DWIDTH 3 0
BBX 2 1 0 2
BITMAP
C0
ENDCHAR
STARTCHAR 2B2A
ENCODING 11050
SWIDTH 285 0
DWIDTH 2 0
BBX 2 3 0 1
BITMAP
40
C0
40
ENDCHAR
STARTCHAR 2B2B
ENCODING 11051
SWIDTH 285 0
DWIDTH 2 0
BBX 2 3 0 1
BITMAP
40
C0
40
ENDCHAR
STARTCHAR 2B2C
ENCODING 11052
SWIDTH 857 0
DWIDTH 6 0
BBX 6 4 0 1
BITMAP
10
7C
FC
78
ENDCHAR
STARTCHAR 2B2D
ENCODING 11053
SWIDTH 857 0
DWIDTH 6 0
BBX 6 4 0 1
BITMAP
78
84
84
78
ENDCHAR
STARTCHAR 2B2E
ENCODING 11054
SWIDTH 571 0
DWIDTH 4 0
BBX 4 5 0 0
BITMAP
60
E0
F0
E0
60
ENDCHAR
STARTCHAR 2B2F
ENCODING 11055
SWIDTH 571 0
DWIDTH 4 0
BBX 4 6 0 0
BITMAP
60
90
90
90
90
60
ENDCHAR
STARTCHAR 2B4D
ENCODING 11085
SWIDTH 857 0
DWIDTH 6 0
BBX 5 7 0 -1
BITMAP
10
10
20
F8
10
60
60
ENDCHAR
STARTCHAR 2B4E
ENCODING 11086
SWIDTH 285 0
DWIDTH 2 0
BBX 2 3 0 1
BITMAP
C0
40
80
ENDCHAR
STARTCHAR 2B4F
ENCODING 11087
SWIDTH 285 0
DWIDTH 2 0
BBX 2 3 0 1
BITMAP
80
40
C0
ENDCHAR
STARTCHAR 2B50
ENCODING 11088
SWIDTH 714 0
DWIDTH 5 0
BBX 5 4 0 0
BITMAP
20
D8
70
50
ENDCHAR
STARTCHAR 2B51
ENCODING 11089
SWIDTH 428 0
DWIDTH 3 0
BBX 3 3 0 1
BITMAP
40
E0
A0
ENDCHAR
STARTCHAR 2B52
ENCODING 11090
SWIDTH 428 0
DWIDTH 3 0
BBX 3 3 0 1
BITMAP
40
E0
40
ENDCHAR
STARTCHAR 2B53
ENCODING 11091
SWIDTH 857 0
DWIDTH 6 0
BBX 6 5 0 0
BITMAP
70
F8
FC
F8
70
ENDCHAR
STARTCHAR 2B54
ENCODING 11092
SWIDTH 857 0
DWIDTH 6 0
BBX 6 5 0 0
BITMAP
70
88
84
88
70
ENDCHAR
STARTCHAR 2B55
ENCODING 11093
SWIDTH 1142 0
DWIDTH 8 0
BBX 7 7 0 -1
BITMAP
3C
42
82
82
82
42
3C
ENDCHAR
STARTCHAR 2B56
ENCODING 11094
SWIDTH 857 0
DWIDTH 6 0
BBX 6 4 0 1
BITMAP
78
B4
FC
78
ENDCHAR
STARTCHAR 2B57
ENCODING 11095
SWIDTH 857 0
DWIDTH 6 0
BBX 6 6 0 0
BITMAP
38
7C
CC
CC
7C
38
ENDCHAR
STARTCHAR 2B58
ENCODING 11096
SWIDTH 857 0
DWIDTH 6 0
BBX 6 6 0 0
BITMAP
38
44
84
84
44
38
ENDCHAR
STARTCHAR 2B59
ENCODING 11097
SWIDTH 571 0
DWIDTH 4 0
BBX 4 4 0 0
BITMAP
60
F0
F0
60
ENDCHAR
STARTCHAR 2B5A
ENCODING 11098
SWIDTH 857 0
DWIDTH 6 0
BBX 5 6 0 -1
BITMAP
30
48
58
40
80
80
ENDCHAR
STARTCHAR 2B5B
ENCODING 11099
SWIDTH 857 0
DWIDTH 6 0
BBX 5 7 0 -2
BITMAP
60
90
90
10
08
08
08
ENDCHAR
STARTCHAR 2B5C
ENCODING 11100
SWIDTH 571 0
DWIDTH 4 0
BBX 4 6 0 -1
BITMAP
30
10
20
20
20
C0
ENDCHAR
STARTCHAR 2B5D
ENCODING 11101
SWIDTH 571 0
DWIDTH 4 0
BBX 4 6 0 0
BITMAP
C0
20
20
20
10
30
ENDCHAR
STARTCHAR 2B5E
ENCODING 11102
SWIDTH 714 0
DWIDTH 5 0
BBX 5 5 0 0
BITMAP
40
40
40
98
F0
ENDCHAR
STARTCHAR 2B5F
ENCODING 11103
SWIDTH 714 0
DWIDTH 5 0
BBX 5 3 0 0
BITMAP
40
98
F0
ENDCHAR
STARTCHAR 2B60
ENCODING 11104
SWIDTH 714 0
DWIDTH 5 0
BBX 5 1 0 2
BITMAP
F8
ENDCHAR
STARTCHAR 2B61
ENCODING 11105
SWIDTH 285 0
DWIDTH 2 0
BBX 2 4 0 0
BITMAP
C0
40
40
40
ENDCHAR
STARTCHAR 2B62
ENCODING 11106
SWIDTH 714 0
DWIDTH 5 0
BBX 5 1 0 2
BITMAP
F8
ENDCHAR
STARTCHAR 2B63
ENCODING 11107
SWIDTH 285 0
DWIDTH 2 0
BBX 2 4 0 1
BITMAP
40
40
40
C0
ENDCHAR
STARTCHAR 2B64
ENCODING 11108
SWIDTH 857 0
DWIDTH 6 0
BBX 6 1 0 2
BITMAP
FC
ENDCHAR
STARTCHAR 2B65
ENCODING 11109
SWIDTH 285 0
DWIDTH 2 0
BBX 2 5 0 1
BITMAP
40
C0
40
40
C0
ENDCHAR
STARTCHAR 2B66
ENCODING 11110
SWIDTH 571 0
DWIDTH 4 0
BBX 4 3 0 1
BITMAP
C0
40
30
ENDCHAR
STARTCHAR 2B67
ENCODING 11111
SWIDTH 571 0
DWIDTH 4 0
BBX 4 3 0 1
BITMAP
30
20
C0
ENDCHAR
STARTCHAR 2B68
ENCODING 11112
SWIDTH 571 0
DWIDTH 4 0
BBX 4 3 0 1
BITMAP
80
40
30
ENDCHAR
STARTCHAR 2B69
ENCODING 11113
SWIDTH 571 0
DWIDTH 4 0
BBX 4 3 0 1
BITMAP
10
20
C0
ENDCHAR
STARTCHAR 2B6A
ENCODING 11114
SWIDTH 714 0
DWIDTH 5 0
BBX 5 1 0 2
BITMAP
D8
ENDCHAR
STARTCHAR 2B6B
ENCODING 11115
SWIDTH 285 0
DWIDTH 2 0
BBX 2 5 0 0
BITMAP
40
C0
40
40
40
ENDCHAR
STARTCHAR 2B6C
ENCODING 11116
SWIDTH 714 0
DWIDTH 5 0
BBX 5 1 0 2
BITMAP
F8
ENDCHAR
STARTCHAR 2B6D
ENCODING 11117
SWIDTH 285 0
DWIDTH 2 0
BBX 2 5 0 0
BITMAP
40
40
40
C0
40
ENDCHAR
STARTCHAR 2B6E
ENCODING 11118
SWIDTH 857 0
DWIDTH 6 0
BBX 6 6 0 -1
BITMAP
20
48
84
84
48
30
ENDCHAR
STARTCHAR 2B6F
ENCODING 11119
SWIDTH 857 0
DWIDTH 6 0
BBX 6 6 0 -1
BITMAP
10
48
84
84
48
30
ENDCHAR
STARTCHAR 2B70
ENCODING 11120
SWIDTH 714 0
DWIDTH 5 0
BBX 5 2 0 2
BITMAP
A0
F8
ENDCHAR
STARTCHAR 2B71
ENCODING 11121
SWIDTH 285 0
DWIDTH 2 0
BBX 2 5 0 0
BITMAP
C0
40
C0
40
40
ENDCHAR
STARTCHAR 2B72
ENCODING 11122
SWIDTH 714 0
DWIDTH 5 0
BBX 5 2 0 2
BITMAP
28
F8
ENDCHAR
STARTCHAR 2B73
ENCODING 11123
SWIDTH 285 0
DWIDTH 2 0
BBX 2 5 0 0
BITMAP
40
40
C0
40
C0
ENDCHAR
STARTCHAR 2B76
ENCODING 11126
SWIDTH 571 0
DWIDTH 4 0
BBX 4 5 0 0
BITMAP
C0
40
40
20
10
ENDCHAR
STARTCHAR 2B77
ENCODING 11127
SWIDTH 571 0
DWIDTH 4 0
BBX 4 5 0 0
BITMAP
30
30
30
40
80
ENDCHAR
STARTCHAR 2B78
ENCODING 11128
SWIDTH 571 0
DWIDTH 4 0
BBX 4 5 0 0
BITMAP
80
40
30
30
30
ENDCHAR
STARTCHAR 2B79
ENCODING 11129
SWIDTH 571 0
DWIDTH 4 0
BBX 4 5 0 0
BITMAP
10
20
40
40
C0
ENDCHAR
STARTCHAR 2B7A
ENCODING 11130
SWIDTH 714 0
DWIDTH 5 0
BBX 5 2 0 2
BITMAP
50
F8
ENDCHAR
STARTCHAR 2B7B
ENCODING 11131
SWIDTH 285 0
DWIDTH 2 0
BBX 2 5 0 0
BITMAP
40
C0
C0
C0
40
ENDCHAR
STARTCHAR 2B7C
ENCODING 11132
SWIDTH 714 0
DWIDTH 5 0
BBX 5 2 0 2
BITMAP
50
F8
ENDCHAR
STARTCHAR 2B7D
ENCODING 11133
SWIDTH 285 0
DWIDTH 2 0
BBX 2 4 0 0
BITMAP
C0
C0
C0
40
ENDCHAR
STARTCHAR 2B7E
ENCODING 11134
SWIDTH 714 0
DWIDTH 5 0
BBX 5 4 0 1
BITMAP
A0
F8
28
F8
ENDCHAR
STARTCHAR 2B7F
ENCODING 11135
SWIDTH 714 0
DWIDTH 5 0
BBX 4 5 0 0
BITMAP
70
50
F0
50
D0
ENDCHAR
STARTCHAR 2B80
ENCODING 11136
SWIDTH 714 0
DWIDTH 5 0
BBX 5 3 0 1
BITMAP
F8
00
F8
ENDCHAR
STARTCHAR 2B81
ENCODING 11137
SWIDTH 714 0
DWIDTH 5 0
BBX 4 5 0 0
BITMAP
50
D0
50
70
50
ENDCHAR
STARTCHAR 2B82
ENCODING 11138
SWIDTH 714 0
DWIDTH 5 0
BBX 5 3 0 1
BITMAP
F8
00
F8
ENDCHAR
STARTCHAR 2B83
ENCODING 11139
SWIDTH 714 0
DWIDTH 5 0
BBX 4 5 0 0
BITMAP
50
70
50
D0
50
ENDCHAR
STARTCHAR 2B84
ENCODING 11140
SWIDTH 714 0
DWIDTH 5 0
BBX 5 3 0 1
BITMAP
F8
00
F8
ENDCHAR
STARTCHAR 2B85
ENCODING 11141
SWIDTH 714 0
DWIDTH 5 0
BBX 4 4 0 0
BITMAP
F0
50
50
50
ENDCHAR
STARTCHAR 2B86
ENCODING 11142
SWIDTH 714 0
DWIDTH 5 0
BBX 5 3 0 1
BITMAP
F8
00
F8
ENDCHAR
STARTCHAR 2B87
ENCODING 11143
SWIDTH 714 0
DWIDTH 5 0
BBX 4 4 0 1
BITMAP
50
50
50
F0
ENDCHAR
STARTCHAR 2B88
ENCODING 11144
SWIDTH 714 0
DWIDTH 5 0
BBX 5 4 0 0
BITMAP
70
88
80
78
ENDCHAR
STARTCHAR 2B89
ENCODING 11145
SWIDTH 714 0
DWIDTH 5 0
BBX 5 4 0 0
BITMAP
70
C8
C8
48
ENDCHAR
STARTCHAR 2B8A
ENCODING 11146
SWIDTH 714 0
DWIDTH 5 0
BBX 5 4 0 0
BITMAP
70
88
08
F0
ENDCHAR
STARTCHAR 2B8B
ENCODING 11147
SWIDTH 714 0
DWIDTH 5 0
BBX 5 4 0 0
BITMAP
48
C8
C8
70
ENDCHAR
STARTCHAR 2B8C
ENCODING 11148
SWIDTH 857 0
DWIDTH 6 0
BBX 5 6 0 0
BITMAP
40
F0
48
08
08
30
ENDCHAR
STARTCHAR 2B8D
ENCODING 11149
SWIDTH 857 0
DWIDTH 6 0
BBX 5 5 0 0
BITMAP
18
88
88
90
60
ENDCHAR
STARTCHAR 2B8E
ENCODING 11150
SWIDTH 857 0
DWIDTH 6 0
BBX 5 6 0 -1
BITMAP
70
80
80
90
78
10
ENDCHAR
STARTCHAR 2B8F
ENCODING 11151
SWIDTH 857 0
DWIDTH 6 0
BBX 5 5 0 0
BITMAP
30
48
48
E8
40
ENDCHAR
STARTCHAR 2B90
ENCODING 11152
SWIDTH 857 0
DWIDTH 6 0
BBX 6 3 0 1
BITMAP
1C
08
F8
ENDCHAR
STARTCHAR 2B91
ENCODING 11153
SWIDTH 857 0
DWIDTH 6 0
BBX 6 3 0 1
BITMAP
E0
40
7C
ENDCHAR
STARTCHAR 2B92
ENCODING 11154
SWIDTH 714 0
DWIDTH 5 0
BBX 5 3 0 1
BITMAP
E8
08
B8
ENDCHAR
STARTCHAR 2B93
ENCODING 11155
SWIDTH 714 0
DWIDTH 5 0
BBX 5 3 0 1
BITMAP
F8
80
F8
ENDCHAR
STARTCHAR 2B94
ENCODING 11156
SWIDTH 1142 0
DWIDTH 8 0
BBX 8 5 0 0
BITMAP
6E
C2
42
43
7E
ENDCHAR
STARTCHAR 2B95
ENCODING 11157
SWIDTH 857 0
DWIDTH 6 0
BBX 6 4 0 1
BITMAP
10
F8
FC
10
ENDCHAR
STARTCHAR 2B97
ENCODING 11159
SWIDTH 1000 0
DWIDTH 7 0
BBX 5 5 1 0
BITMAP
F8
F8
70
50
20
ENDCHAR
STARTCHAR 2B98
ENCODING 11160
SWIDTH 714 0
DWIDTH 5 0
BBX 5 6 0 -1
BITMAP
08
30
50
F0
10
08
ENDCHAR
STARTCHAR 2B99
ENCODING 11161
SWIDTH 857 0
DWIDTH 6 0
BBX 6 4 0 0
BITMAP
30
28
78
CC
ENDCHAR
STARTCHAR 2B9A
ENCODING 11162
SWIDTH 714 0
DWIDTH 5 0
BBX 5 6 0 -1
BITMAP
80
E0
50
78
40
80
ENDCHAR
STARTCHAR 2B9B
ENCODING 11163
SWIDTH 857 0
DWIDTH 6 0
BBX 6 4 0 0
BITMAP
EC
50
30
20
ENDCHAR
STARTCHAR 2B9C
ENCODING 11164
SWIDTH 714 0
DWIDTH 5 0
BBX 5 5 0 0
BITMAP
08
30
F0
30
08
ENDCHAR
STARTCHAR 2B9D
ENCODING 11165
SWIDTH 857 0
DWIDTH 6 0
BBX 6 5 0 0
BITMAP
20
30
30
78
84
ENDCHAR
STARTCHAR 2B9E
ENCODING 11166
SWIDTH 714 0
DWIDTH 5 0
BBX 5 5 0 0
BITMAP
80
60
38
60
C0
ENDCHAR
STARTCHAR 2B9F
ENCODING 11167
SWIDTH 857 0
DWIDTH 6 0
BBX 6 5 0 0
BITMAP
84
78
30
30
20
ENDCHAR
STARTCHAR 2BA0
ENCODING 11168
SWIDTH 714 0
DWIDTH 5 0
BBX 5 3 0 1
BITMAP
08
08
F8
ENDCHAR
STARTCHAR 2BA1
ENCODING 11169
SWIDTH 714 0
DWIDTH 5 0
BBX 5 3 0 1
BITMAP
80
80
F8
ENDCHAR
STARTCHAR 2BA2
ENCODING 11170
SWIDTH 714 0
DWIDTH 5 0
BBX 5 3 0 1
BITMAP
F8
48
08
ENDCHAR
STARTCHAR 2BA3
ENCODING 11171
SWIDTH 714 0
DWIDTH 5 0
BBX 5 3 0 1
BITMAP
F8
90
80
ENDCHAR
STARTCHAR 2BA4
ENCODING 11172
SWIDTH 714 0
DWIDTH 5 0
BBX 4 5 0 0
BITMAP
40
C0
40
40
70
ENDCHAR
STARTCHAR 2BA5
ENCODING 11173
SWIDTH 714 0
DWIDTH 5 0
BBX 4 5 0 0
BITMAP
10
30
10
10
F0
ENDCHAR
STARTCHAR 2BA6
ENCODING 11174
SWIDTH 714 0
DWIDTH 5 0
BBX 4 5 0 -1
BITMAP
70
40
40
C0
40
ENDCHAR
STARTCHAR 2BA7
ENCODING 11175
SWIDTH 714 0
DWIDTH 5 0
BBX 4 5 0 -1
BITMAP
F0
10
10
30
10
ENDCHAR
STARTCHAR 2BA8
ENCODING 11176
SWIDTH 1000 0
DWIDTH 7 0
BBX 6 4 0 0
BITMAP
04
7C
FC
20
ENDCHAR
STARTCHAR 2BA9
ENCODING 11177
SWIDTH 1000 0
DWIDTH 7 0
BBX 6 4 0 0
BITMAP
80
F8
FC
08
ENDCHAR
STARTCHAR 2BAA
ENCODING 11178
SWIDTH 1000 0
DWIDTH 7 0
BBX 6 3 0 0
BITMAP
7C
FC
24
ENDCHAR
STARTCHAR 2BAB
ENCODING 11179
SWIDTH 1000 0
DWIDTH 7 0
BBX 6 3 0 0
BITMAP
7C
FC
88
ENDCHAR
STARTCHAR 2BAC
ENCODING 11180
SWIDTH 571 0
DWIDTH 4 0
BBX 4 6 0 -1
BITMAP
40
E0
60
60
60
70
ENDCHAR
STARTCHAR 2BAD
ENCODING 11181
SWIDTH 571 0
DWIDTH 4 0
BBX 4 6 0 -1
BITMAP
20
70
60
60
60
E0
ENDCHAR
STARTCHAR 2BAE
ENCODING 11182
SWIDTH 571 0
DWIDTH 4 0
BBX 4 6 0 0
BITMAP
70
60
60
60
E0
40
ENDCHAR
STARTCHAR 2BAF
ENCODING 11183
SWIDTH 571 0
DWIDTH 4 0
BBX 4 6 0 0
BITMAP
E0
60
60
60
70
20
ENDCHAR
STARTCHAR 2BB0
ENCODING 11184
SWIDTH 714 0
DWIDTH 5 0
BBX 5 6 0 -1
BITMAP
18
28
78
90
60
20
ENDCHAR
STARTCHAR 2BB1
ENCODING 11185
SWIDTH 714 0
DWIDTH 5 0
BBX 5 6 0 -1
BITMAP
C0
B0
68
48
28
10
ENDCHAR
STARTCHAR 2BB2
ENCODING 11186
SWIDTH 714 0
DWIDTH 5 0
BBX 5 6 0 0
BITMAP
20
60
90
78
28
18
ENDCHAR
STARTCHAR 2BB3
ENCODING 11187
SWIDTH 714 0
DWIDTH 5 0
BBX 5 6 0 0
BITMAP
10
28
48
68
B0
C0
ENDCHAR
STARTCHAR 2BB4
ENCODING 11188
SWIDTH 857 0
DWIDTH 6 0
BBX 6 5 0 0
BITMAP
60
D0
5C
28
1C
ENDCHAR
STARTCHAR 2BB5
ENCODING 11189
SWIDTH 857 0
DWIDTH 6 0
BBX 6 5 0 0
BITMAP
18
24
E8
50
E0
ENDCHAR
STARTCHAR 2BB6
ENCODING 11190
SWIDTH 857 0
DWIDTH 6 0
BBX 6 5 0 1
BITMAP
1C
28
5C
D0
60
ENDCHAR
STARTCHAR 2BB7
ENCODING 11191
SWIDTH 857 0
DWIDTH 6 0
BBX 6 5 0 1
BITMAP
E0
50
E8
24
18
ENDCHAR
STARTCHAR 2BB8
ENCODING 11192
SWIDTH 714 0
DWIDTH 5 0
BBX 4 6 0 0
BITMAP
20
D0
50
50
60
60
ENDCHAR
STARTCHAR 2BB9
ENCODING 11193
SWIDTH 1142 0
DWIDTH 8 0
BBX 7 5 0 0
BITMAP
FE
92
AA
C6
FE
ENDCHAR
STARTCHAR 2BBA
ENCODING 11194
SWIDTH 857 0
DWIDTH 6 0
BBX 5 6 0 0
BITMAP
38
28
F8
B8
90
F0
ENDCHAR
STARTCHAR 2BBB
ENCODING 11195
SWIDTH 857 0
DWIDTH 6 0
BBX 5 5 0 0
BITMAP
38
F8
B8
90
F0
ENDCHAR
STARTCHAR 2BBC
ENCODING 11196
SWIDTH 857 0
DWIDTH 6 0
BBX 5 5 0 0
BITMAP
38
F8
F8
F8
F0
ENDCHAR
STARTCHAR 2BBD
ENCODING 11197
SWIDTH 857 0
DWIDTH 6 0
BBX 5 6 0 0
BITMAP
F8
88
B8
B8
88
F8
ENDCHAR
STARTCHAR 2BBE
ENCODING 11198
SWIDTH 857 0
DWIDTH 6 0
BBX 6 6 0 -1
BITMAP
30
4C
B4
B4
4C
38
ENDCHAR
STARTCHAR 2BBF
ENCODING 11199
SWIDTH 857 0
DWIDTH 6 0
BBX 6 6 0 -1
BITMAP
30
4C
B4
B4
48
30
ENDCHAR
STARTCHAR 2BC0
ENCODING 11200
SWIDTH 857 0
DWIDTH 6 0
BBX 4 4 1 0
BITMAP
F0
F0
F0
F0
ENDCHAR
STARTCHAR 2BC1
ENCODING 11201
SWIDTH 857 0
DWIDTH 6 0
BBX 6 6 0 0
BITMAP
20
30
78
FC
78
30
ENDCHAR
STARTCHAR 2BC2
ENCODING 11202
SWIDTH 857 0
DWIDTH 6 0
BBX 6 5 0 0
BITMAP
78
78
F8
7C
30
ENDCHAR
STARTCHAR 2BC3
ENCODING 11203
SWIDTH 857 0
DWIDTH 6 0
BBX 4 5 1 0
BITMAP
E0
F0
F0
F0
F0
ENDCHAR
STARTCHAR 2BC4
ENCODING 11204
SWIDTH 857 0
DWIDTH 6 0
BBX 6 5 0 0
BITMAP
78
78
FC
78
78
ENDCHAR
STARTCHAR 2BC5
ENCODING 11205
SWIDTH 857 0
DWIDTH 6 0
BBX 4 4 1 1
BITMAP
40
60
60
F0
ENDCHAR
STARTCHAR 2BC6
ENCODING 11206
SWIDTH 857 0
DWIDTH 6 0
BBX 4 4 1 0
BITMAP
F0
60
60
40
ENDCHAR
STARTCHAR 2BC7
ENCODING 11207
SWIDTH 857 0
DWIDTH 6 0
BBX 4 5 1 0
BITMAP
10
30
F0
30
10
ENDCHAR
STARTCHAR 2BC8
ENCODING 11208
SWIDTH 857 0
DWIDTH 6 0
BBX 4 5 1 0
BITMAP
80
C0
F0
C0
80
ENDCHAR
STARTCHAR 2BC9
ENCODING 11209
SWIDTH 571 0
DWIDTH 4 0
BBX 4 7 0 -1
BITMAP
A0
A0
C0
F0
60
90
60
ENDCHAR
STARTCHAR 2BCA
ENCODING 11210
SWIDTH 857 0
DWIDTH 6 0
BBX 6 3 0 3
BITMAP
38
7C
FC
ENDCHAR
STARTCHAR 2BCB
ENCODING 11211
SWIDTH 857 0
DWIDTH 6 0
BBX 6 3 0 0
BITMAP
FC
7C
38
ENDCHAR
STARTCHAR 2BCC
ENCODING 11212
SWIDTH 857 0
DWIDTH 6 0
BBX 6 6 0 -1
BITMAP
10
30
FC
30
10
10
ENDCHAR
STARTCHAR 2BCD
ENCODING 11213
SWIDTH 857 0
DWIDTH 6 0
BBX 4 4 1 0
BITMAP
F0
70
70
90
ENDCHAR
STARTCHAR 2BCE
ENCODING 11214
SWIDTH 857 0
DWIDTH 6 0
BBX 6 6 0 0
BITMAP
10
10
28
CC
30
10
ENDCHAR
STARTCHAR 2BCF
ENCODING 11215
SWIDTH 857 0
DWIDTH 6 0
BBX 4 3 1 0
BITMAP
F0
90
F0
ENDCHAR
STARTCHAR 2BD0
ENCODING 11216
SWIDTH 714 0
DWIDTH 5 0
BBX 5 5 0 -1
BITMAP
70
D8
68
70
20
ENDCHAR
STARTCHAR 2BD1
ENCODING 11217
SWIDTH 857 0
DWIDTH 6 0
BBX 6 6 0 -1
BITMAP
10
78
94
94
58
30
ENDCHAR
STARTCHAR 2BD2
ENCODING 11218
SWIDTH 428 0
DWIDTH 3 0
BBX 3 5 0 0
BITMAP
40
E0
E0
E0
40
ENDCHAR
STARTCHAR 2BD3
ENCODING 11219
SWIDTH 1000 0
DWIDTH 7 0
BBX 7 7 0 -1
BITMAP
10
28
AA
54
38
38
10
ENDCHAR
STARTCHAR 2BD4
ENCODING 11220
SWIDTH 1000 0
DWIDTH 7 0
BBX 6 6 0 -1
BITMAP
6C
B0
30
28
28
10
ENDCHAR
STARTCHAR 2BD5
ENCODING 11221
SWIDTH 1000 0
DWIDTH 7 0
BBX 7 7 0 -1
BITMAP
10
28
28
10
FE
44
38
ENDCHAR
STARTCHAR 2BD6
ENCODING 11222
SWIDTH 1142 0
DWIDTH 8 0
BBX 7 7 0 -1
BITMAP
38
44
86
86
86
44
38
ENDCHAR
STARTCHAR 2BD7
ENCODING 11223
SWIDTH 571 0
DWIDTH 4 0
BBX 4 6 0 -1
BITMAP
60
40
40
B0
F0
60
ENDCHAR
STARTCHAR 2BD8
ENCODING 11224
SWIDTH 1000 0
DWIDTH 7 0
BBX 7 7 0 -1
BITMAP
C6
24
34
34
24
24
C6
ENDCHAR
STARTCHAR 2BD9
ENCODING 11225
SWIDTH 714 0
DWIDTH 5 0
BBX 5 8 0 -1
BITMAP
20
58
30
20
20
30
50
F0
ENDCHAR
STARTCHAR 2BDA
ENCODING 11226
SWIDTH 857 0
DWIDTH 6 0
BBX 6 8 0 -1
BITMAP
58
94
94
78
54
78
58
78
ENDCHAR
STARTCHAR 2BDB
ENCODING 11227
SWIDTH 714 0
DWIDTH 5 0
BBX 5 8 0 -1
BITMAP
30
28
30
20
20
50
88
70
ENDCHAR
STARTCHAR 2BDC
ENCODING 11228
SWIDTH 714 0
DWIDTH 5 0
BBX 5 7 0 -1
BITMAP
28
38
28
20
D0
88
70
ENDCHAR
STARTCHAR 2BDD
ENCODING 11229
SWIDTH 571 0
DWIDTH 4 0
BBX 3 8 1 -1
BITMAP
80
C0
A0
A0
C0
80
C0
80
ENDCHAR
STARTCHAR 2BDE
ENCODING 11230
SWIDTH 714 0
DWIDTH 5 0
BBX 5 7 0 -1
BITMAP
20
70
F8
70
20
70
20
ENDCHAR
STARTCHAR 2BDF
ENCODING 11231
SWIDTH 1000 0
DWIDTH 7 0
BBX 7 6 0 -1
BITMAP
82
FE
44
38
38
10
ENDCHAR
STARTCHAR 2BE0
ENCODING 11232
SWIDTH 714 0
DWIDTH 5 0
BBX 5 7 0 -1
BITMAP
90
68
68
50
F8
18
10
ENDCHAR
STARTCHAR 2BE1
ENCODING 11233
SWIDTH 857 0
DWIDTH 6 0
BBX 6 7 0 -1
BITMAP
38
40
90
B8
90
50
3C
ENDCHAR
STARTCHAR 2BE2
ENCODING 11234
SWIDTH 714 0
DWIDTH 5 0
BBX 5 6 0 -1
BITMAP
20
20
20
A8
70
D8
ENDCHAR
STARTCHAR 2BE3
ENCODING 11235
SWIDTH 1000 0
DWIDTH 7 0
BBX 7 7 0 -1
BITMAP
38
44
92
BA
10
10
10
ENDCHAR
STARTCHAR 2BE4
ENCODING 11236
SWIDTH 714 0
DWIDTH 5 0
BBX 5 6 0 -1
BITMAP
80
40
50
F8
10
10
ENDCHAR
STARTCHAR 2BE5
ENCODING 11237
SWIDTH 571 0
DWIDTH 4 0
BBX 4 6 0 -1
BITMAP
90
E0
F0
60
40
40
ENDCHAR
STARTCHAR 2BE6
ENCODING 11238
SWIDTH 1142 0
DWIDTH 8 0
BBX 7 7 0 -1
BITMAP
10
18
10
10
18
24
FE
ENDCHAR
STARTCHAR 2BE7
ENCODING 11239
SWIDTH 857 0
DWIDTH 6 0
BBX 6 7 0 -1
BITMAP
84
94
58
30
38
54
84
ENDCHAR
STARTCHAR 2BE8
ENCODING 11240
SWIDTH 571 0
DWIDTH 4 0
BBX 3 5 0 0
BITMAP
20
20
E0
20
60
ENDCHAR
STARTCHAR 2BE9
ENCODING 11241
SWIDTH 571 0
DWIDTH 4 0
BBX 3 5 0 0
BITMAP
80
80
E0
C0
40
ENDCHAR
STARTCHAR 2BEA
ENCODING 11242
SWIDTH 1000 0
DWIDTH 7 0
BBX 6 6 0 0
BITMAP
10
10
EC
28
38
44
ENDCHAR
STARTCHAR 2BEB
ENCODING 11243
SWIDTH 1000 0
DWIDTH 7 0
BBX 6 6 0 0
BITMAP
10
10
FC
38
78
48
ENDCHAR
STARTCHAR 2BEC
ENCODING 11244
SWIDTH 857 0
DWIDTH 6 0
BBX 6 5 0 0
BITMAP
28
68
FC
68
28
ENDCHAR
STARTCHAR 2BED
ENCODING 11245
SWIDTH 714 0
DWIDTH 5 0
BBX 4 6 0 0
BITMAP
20
70
F0
20
F0
20
ENDCHAR
STARTCHAR 2BEE
ENCODING 11246
SWIDTH 857 0
DWIDTH 6 0
BBX 6 5 0 0
BITMAP
50
48
FC
48
50
ENDCHAR
STARTCHAR 2BEF
ENCODING 11247
SWIDTH 714 0
DWIDTH 5 0
BBX 4 6 0 0
BITMAP
20
F0
70
20
F0
20
ENDCHAR
STARTCHAR 2BF0
ENCODING 11248
SWIDTH 1000 0
DWIDTH 7 0
BBX 7 7 0 -1
BITMAP
D6
38
10
10
10
38
D6
ENDCHAR
STARTCHAR 2BF1
ENCODING 11249
SWIDTH 571 0
DWIDTH 4 0
BBX 4 7 0 -1
BITMAP
60
90
90
60
40
60
40
ENDCHAR
STARTCHAR 2BF2
ENCODING 11250
SWIDTH 714 0
DWIDTH 5 0
BBX 4 6 0 -1
BITMAP
A0
E0
20
10
10
10
ENDCHAR
STARTCHAR 2BF3
ENCODING 11251
SWIDTH 857 0
DWIDTH 6 0
BBX 5 5 0 0
BITMAP
F8
88
88
F8
48
ENDCHAR
STARTCHAR 2BF4
ENCODING 11252
SWIDTH 1142 0
DWIDTH 8 0
BBX 7 6 0 -1
BITMAP
FE
5A
24
24
5A
FE
ENDCHAR
STARTCHAR 2BF5
ENCODING 11253
SWIDTH 1142 0
DWIDTH 8 0
BBX 7 6 0 0
BITMAP
92
5A
24
24
5A
92
ENDCHAR
STARTCHAR 2BF6
ENCODING 11254
SWIDTH 857 0
DWIDTH 6 0
BBX 5 6 0 0
BITMAP
F8
A8
A8
F8
20
78
ENDCHAR
STARTCHAR 2BF7
ENCODING 11255
SWIDTH 857 0
DWIDTH 6 0
BBX 6 7 0 -1
BITMAP
48
48
30
10
30
48
FC
ENDCHAR
STARTCHAR 2BF8
ENCODING 11256
SWIDTH 714 0
DWIDTH 5 0
BBX 5 5 0 0
BITMAP
20
20
F8
70
A8
ENDCHAR
STARTCHAR 2BF9
ENCODING 11257
SWIDTH 714 0
DWIDTH 5 0
BBX 5 4 0 0
BITMAP
F8
F8
58
F8
ENDCHAR
STARTCHAR 2BFA
ENCODING 11258
SWIDTH 1000 0
DWIDTH 7 0
BBX 7 4 0 1
BITMAP
6C
92
92
6C
ENDCHAR
STARTCHAR 2BFB
ENCODING 11259
SWIDTH 1285 0
DWIDTH 9 0
BBX 8 4 0 1
BITMAP
62
95
9D
62
ENDCHAR
STARTCHAR 2BFC
ENCODING 11260
SWIDTH 571 0
DWIDTH 4 0
BBX 4 7 0 -1
BITMAP
60
90
90
60
90
90
60
ENDCHAR
STARTCHAR 2BFD
ENCODING 11261
SWIDTH 571 0
DWIDTH 4 0
BBX 4 7 0 -1
BITMAP
40
60
40
40
B0
90
60
ENDCHAR
STARTCHAR 2BFF
ENCODING 11263
SWIDTH 571 0
DWIDTH 4 0
BBX 4 5 0 0
BITMAP
F0
20
30
20
F0
ENDCHAR
STARTCHAR 4DC0
ENCODING 19904
SWIDTH 1000 0
DWIDTH 7 0
BBX 6 6 1 0
BITMAP
FC
FC
FC
FC
FC
FC
ENDCHAR
STARTCHAR 4DC1
ENCODING 19905
SWIDTH 1000 0
DWIDTH 7 0
BBX 6 6 1 0
BITMAP
DC
DC
DC
DC
DC
DC
ENDCHAR
STARTCHAR 4DC2
ENCODING 19906
SWIDTH 1000 0
DWIDTH 7 0
BBX 6 6 1 0
BITMAP
DC
FC
DC
DC
DC
FC
ENDCHAR
STARTCHAR 4DC3
ENCODING 19907
SWIDTH 1000 0
DWIDTH 7 0
BBX 6 6 1 0
BITMAP
FC
DC
DC
DC
FC
DC
ENDCHAR
STARTCHAR 4DC4
ENCODING 19908
SWIDTH 1000 0
DWIDTH 7 0
BBX 6 6 1 0
BITMAP
DC
FC
DC
FC
FC
FC
ENDCHAR
STARTCHAR 4DC5
ENCODING 19909
SWIDTH 1000 0
DWIDTH 7 0
BBX 6 6 1 0
BITMAP
FC
FC
FC
DC
FC
DC
ENDCHAR
STARTCHAR 4DC6
ENCODING 19910
SWIDTH 1000 0
DWIDTH 7 0
BBX 6 6 1 0
BITMAP
DC
DC
DC
DC
FC
DC
ENDCHAR
STARTCHAR 4DC7
ENCODING 19911
SWIDTH 1000 0
DWIDTH 7 0
BBX 6 6 1 0
BITMAP
DC
FC
DC
DC
DC
DC
ENDCHAR
STARTCHAR 4DC8
ENCODING 19912
SWIDTH 1000 0
DWIDTH 7 0
BBX 6 6 1 0
BITMAP
FC
FC
DC
FC
FC
FC
ENDCHAR
STARTCHAR 4DC9
ENCODING 19913
SWIDTH 1000 0
DWIDTH 7 0
BBX 6 6 1 0
BITMAP
FC
FC
FC
DC
FC
FC
ENDCHAR
STARTCHAR 4DCA
ENCODING 19914
SWIDTH 1000 0
DWIDTH 7 0
BBX 6 6 1 0
BITMAP
DC
DC
DC
FC
FC
FC
ENDCHAR
STARTCHAR 4DCB
ENCODING 19915
SWIDTH 1000 0
DWIDTH 7 0
BBX 6 6 1 0
BITMAP
FC
FC
FC
DC
DC
DC
ENDCHAR
STARTCHAR 4DCC
ENCODING 19916
SWIDTH 1000 0
DWIDTH 7 0
BBX 6 6 1 0
BITMAP
FC
FC
FC
FC
DC
FC
ENDCHAR
STARTCHAR 4DCD
ENCODING 19917
SWIDTH 1000 0
DWIDTH 7 0
BBX 6 6 1 0
BITMAP
FC
DC
FC
FC
FC
FC
ENDCHAR
STARTCHAR 4DCE
ENCODING 19918
SWIDTH 1000 0
DWIDTH 7 0
BBX 6 6 1 0
BITMAP
DC
DC
DC
FC
DC
DC
ENDCHAR
STARTCHAR 4DCF
ENCODING 19919
SWIDTH 1000 0
DWIDTH 7 0
BBX 6 6 1 0
BITMAP
DC
DC
FC
DC
DC
DC
ENDCHAR
STARTCHAR 4DD0
ENCODING 19920
SWIDTH 1000 0
DWIDTH 7 0
BBX 6 6 1 0
BITMAP
DC
FC
FC
DC
DC
FC
ENDCHAR
STARTCHAR 4DD1
ENCODING 19921
SWIDTH 1000 0
DWIDTH 7 0
BBX 6 6 1 0
BITMAP
FC
DC
DC
FC
FC
DC
ENDCHAR
STARTCHAR 4DD2
ENCODING 19922
SWIDTH 1000 0
DWIDTH 7 0
BBX 6 6 1 0
BITMAP
DC
DC
DC
DC
FC
FC
ENDCHAR
STARTCHAR 4DD3
ENCODING 19923
SWIDTH 1000 0
DWIDTH 7 0
BBX 6 6 1 0
BITMAP
FC
FC
DC
DC
DC
DC
ENDCHAR
STARTCHAR 4DD4
ENCODING 19924
SWIDTH 1000 0
DWIDTH 7 0
BBX 6 6 1 0
BITMAP
FC
DC
FC
DC
DC
FC
ENDCHAR
STARTCHAR 4DD5
ENCODING 19925
SWIDTH 1000 0
DWIDTH 7 0
BBX 6 6 1 0
BITMAP
FC
DC
DC
FC
DC
FC
ENDCHAR
STARTCHAR 4DD6
ENCODING 19926
SWIDTH 1000 0
DWIDTH 7 0
BBX 6 6 1 0
BITMAP
FC
DC
DC
DC
DC
DC
ENDCHAR
STARTCHAR 4DD7
ENCODING 19927
SWIDTH 1000 0
DWIDTH 7 0
BBX 6 6 1 0
BITMAP
DC
DC
DC
DC
DC
FC
ENDCHAR
STARTCHAR 4DD8
ENCODING 19928
SWIDTH 1000 0
DWIDTH 7 0
BBX 6 6 1 0
BITMAP
FC
FC
FC
DC
DC
FC
ENDCHAR
STARTCHAR 4DD9
ENCODING 19929
SWIDTH 1000 0
DWIDTH 7 0
BBX 6 6 1 0
BITMAP
FC
DC
DC
FC
FC
FC
ENDCHAR
STARTCHAR 4DDA
ENCODING 19930
SWIDTH 1000 0
DWIDTH 7 0
BBX 6 6 1 0
BITMAP
FC
DC
DC
DC
DC
FC
ENDCHAR
STARTCHAR 4DDB
ENCODING 19931
SWIDTH 1000 0
DWIDTH 7 0
BBX 6 6 1 0
BITMAP
DC
FC
FC
FC
FC
DC
ENDCHAR
STARTCHAR 4DDC
ENCODING 19932
SWIDTH 1000 0
DWIDTH 7 0
BBX 6 6 1 0
BITMAP
DC
FC
DC
DC
FC
DC
ENDCHAR
STARTCHAR 4DDD
ENCODING 19933
SWIDTH 1000 0
DWIDTH 7 0
BBX 6 6 1 0
BITMAP
FC
DC
FC
FC
DC
FC
ENDCHAR
STARTCHAR 4DDE
ENCODING 19934
SWIDTH 1000 0
DWIDTH 7 0
BBX 6 6 1 0
BITMAP
DC
FC
FC
FC
DC
DC
ENDCHAR
STARTCHAR 4DDF
ENCODING 19935
SWIDTH 1000 0
DWIDTH 7 0
BBX 6 6 1 0
BITMAP
DC
DC
FC
FC
FC
DC
ENDCHAR
STARTCHAR 4DE0
ENCODING 19936
SWIDTH 1000 0
DWIDTH 7 0
BBX 6 6 1 0
BITMAP
FC
FC
FC
FC
DC
DC
ENDCHAR
STARTCHAR 4DE1
ENCODING 19937
SWIDTH 1000 0
DWIDTH 7 0
BBX 6 6 1 0
BITMAP
DC
DC
FC
FC
FC
FC
ENDCHAR
STARTCHAR 4DE2
ENCODING 19938
SWIDTH 1000 0
DWIDTH 7 0
BBX 6 6 1 0
BITMAP
FC
DC
FC
DC
DC
DC
ENDCHAR
STARTCHAR 4DE3
ENCODING 19939
SWIDTH 1000 0
DWIDTH 7 0
BBX 6 6 1 0
BITMAP
DC
DC
DC
FC
DC
FC
ENDCHAR
STARTCHAR 4DE4
ENCODING 19940
SWIDTH 1000 0
DWIDTH 7 0
BBX 6 6 1 0
BITMAP
FC
FC
DC
FC
DC
FC
ENDCHAR
STARTCHAR 4DE5
ENCODING 19941
SWIDTH 1000 0
DWIDTH 7 0
BBX 6 6 1 0
BITMAP
FC
DC
FC
DC
FC
FC
ENDCHAR
STARTCHAR 4DE6
ENCODING 19942
SWIDTH 1000 0
DWIDTH 7 0
BBX 6 6 1 0
BITMAP
DC
FC
DC
FC
DC
DC
ENDCHAR
STARTCHAR 4DE7
ENCODING 19943
SWIDTH 1000 0
DWIDTH 7 0
BBX 6 6 1 0
BITMAP
DC
DC
FC
DC
FC
DC
ENDCHAR
STARTCHAR 4DE8
ENCODING 19944
SWIDTH 1000 0
DWIDTH 7 0
BBX 6 6 1 0
BITMAP
FC
DC
DC
DC
FC
FC
ENDCHAR
STARTCHAR 4DE9
ENCODING 19945
SWIDTH 1000 0
DWIDTH 7 0
BBX 6 6 1 0
BITMAP
FC
FC
DC
DC
DC
FC
ENDCHAR
STARTCHAR 4DEA
ENCODING 19946
SWIDTH 1000 0
DWIDTH 7 0
BBX 6 6 1 0
BITMAP
DC
FC
FC
FC
FC
FC
ENDCHAR
STARTCHAR 4DEB
ENCODING 19947
SWIDTH 1000 0
DWIDTH 7 0
BBX 6 6 1 0
BITMAP
FC
FC
FC
FC
FC
DC
ENDCHAR
STARTCHAR 4DEC
ENCODING 19948
SWIDTH 1000 0
DWIDTH 7 0
BBX 6 6 1 0
BITMAP
DC
FC
FC
DC
DC
DC
ENDCHAR
STARTCHAR 4DED
ENCODING 19949
SWIDTH 1000 0
DWIDTH 7 0
BBX 6 6 1 0
BITMAP
DC
DC
DC
FC
FC
DC
ENDCHAR
STARTCHAR 4DEE
ENCODING 19950
SWIDTH 1000 0
DWIDTH 7 0
BBX 6 6 1 0
BITMAP
DC
FC
FC
DC
FC
DC
ENDCHAR
STARTCHAR 4DEF
ENCODING 19951
SWIDTH 1000 0
DWIDTH 7 0
BBX 6 6 1 0
BITMAP
DC
FC
DC
FC
FC
DC
ENDCHAR
STARTCHAR 4DF0
ENCODING 19952
SWIDTH 1000 0
DWIDTH 7 0
BBX 6 6 1 0
BITMAP
DC
FC
FC
FC
DC
FC
ENDCHAR
STARTCHAR 4DF1
ENCODING 19953
SWIDTH 1000 0
DWIDTH 7 0
BBX 6 6 1 0
BITMAP
FC
DC
FC
FC
FC
DC
ENDCHAR
STARTCHAR 4DF2
ENCODING 19954
SWIDTH 1000 0
DWIDTH 7 0
BBX 6 6 1 0
BITMAP
DC
DC
FC
DC
DC
FC
ENDCHAR
STARTCHAR 4DF3
ENCODING 19955
SWIDTH 1000 0
DWIDTH 7 0
BBX 6 6 1 0
BITMAP
FC
DC
DC
FC
DC
DC
ENDCHAR
STARTCHAR 4DF4
ENCODING 19956
SWIDTH 1000 0
DWIDTH 7 0
BBX 6 6 1 0
BITMAP
FC
FC
DC
FC
DC
DC
ENDCHAR
STARTCHAR 4DF5
ENCODING 19957
SWIDTH 1000 0
DWIDTH 7 0
BBX 6 6 1 0
BITMAP
DC
DC
FC
DC
FC
FC
ENDCHAR
STARTCHAR 4DF6
ENCODING 19958
SWIDTH 1000 0
DWIDTH 7 0
BBX 6 6 1 0
BITMAP
DC
DC
FC
FC
DC
FC
ENDCHAR
STARTCHAR 4DF7
ENCODING 19959
SWIDTH 1000 0
DWIDTH 7 0
BBX 6 6 1 0
BITMAP
FC
DC
FC
FC
DC
DC
ENDCHAR
STARTCHAR 4DF8
ENCODING 19960
SWIDTH 1000 0
DWIDTH 7 0
BBX 6 6 1 0
BITMAP
FC
FC
DC
FC
FC
DC
ENDCHAR
STARTCHAR 4DF9
ENCODING 19961
SWIDTH 1000 0
DWIDTH 7 0
BBX 6 6 1 0
BITMAP
DC
FC
FC
DC
FC
FC
ENDCHAR
STARTCHAR 4DFA
ENCODING 19962
SWIDTH 1000 0
DWIDTH 7 0
BBX 6 6 1 0
BITMAP
FC
FC
DC
DC
FC
DC
ENDCHAR
STARTCHAR 4DFB
ENCODING 19963
SWIDTH 1000 0
DWIDTH 7 0
BBX 6 6 1 0
BITMAP
DC
FC
DC
DC
FC
FC
ENDCHAR
STARTCHAR 4DFC
ENCODING 19964
SWIDTH 1000 0
DWIDTH 7 0
BBX 6 6 1 0
BITMAP
FC
FC
DC
DC
FC
FC
ENDCHAR
STARTCHAR 4DFD
ENCODING 19965
SWIDTH 1000 0
DWIDTH 7 0
BBX 6 6 1 0
BITMAP
DC
DC
FC
FC
DC
DC
ENDCHAR
STARTCHAR 4DFE
ENCODING 19966
SWIDTH 1000 0
DWIDTH 7 0
BBX 6 6 1 0
BITMAP
DC
FC
DC
FC
DC
FC
ENDCHAR
STARTCHAR 4DFF
ENCODING 19967
SWIDTH 1000 0
DWIDTH 7 0
BBX 6 6 1 0
BITMAP
FC
DC
FC
DC
FC
DC
ENDCHAR
STARTCHAR FFF9
ENCODING 65529
SWIDTH 1000 0
DWIDTH 7 0
BBX 7 7 0 -2
BITMAP
BA
28
AA
86
92
28
BA
ENDCHAR
STARTCHAR FFFA
ENCODING 65530
SWIDTH 1000 0
DWIDTH 7 0
BBX 7 7 0 -2
BITMAP
BA
28
AA
96
92
10
BA
ENDCHAR
STARTCHAR FFFB
ENCODING 65531
SWIDTH 1000 0
DWIDTH 7 0
BBX 7 7 0 -2
BITMAP
BA
28
AA
96
92
10
BA
ENDCHAR
ENDFONT
